url,title,date_published,date_modified,author,category,excerpt,thumbnail_url,reading_time,full_text,scraped_at
https://www.moore-czech.cz/neobsazena-pracovni-mista-pripravuji-stat-az-o-88-miliard-rocne/,Neobsazená pracovní místa připravují stát až o 88 miliard ročně,2026-06-16T07:47:13+00:00,2026-06-16T07:47:16+00:00,Eliška Jodasová,Tisková zpráva,"Jedno volné místo stojí ekonomiku 1,7milionu. Český trh práce dlouhodobě trápí tisíce neobsazených pozic. Úřad práce ČR evidoval ke konci května 2026 celkem 94 380 volných pracovních míst, sám ale upozorňuje, že jeho evidence „komplexně nepokrývá celý trh práce“. Skutečný počet dostupných míst je podle odhadů Konfederace zaměstnaneckých a podnikatelských svazů dvojnásobný, tedy přibližně 190 […]",https://www.moore-czech.cz/wp-content/uploads/sites/3/2026/06/shutterstock_2451544849-scaled.jpg,4 minuty,"Sdílet
Link copied
Autor
Eliška Jodasová
Introduction
Jedno volné místo stojí ekonomiku 1,7milionu
.
Český trh práce dlouhodobě trápí tisíce neobsazených pozic. Úřad práce ČR evidoval ke konci
května 2026 celkem 94 380
volných pracovních míst, sám ale upozorňuje, že jeho evidence „komplexně nepokrývá celý trh práce“. Skutečný počet dostupných míst je podle odhadů Konfederace zaměstnaneckých a podnikatelských svazů dvojnásobný, tedy přibližně 190 tisíc. Propočty poradenské skupiny Moore Czech Republic uvádějí, že jedno neobsazené místo stojí veřejné rozpočty zhruba
465 tisíc korun ročně a celou ekonomiku okolo 1,7
milionu korun v nevytvořeném HDP. Jen u oficiálně evidovaných míst tak státu uniká
44 miliard korun ročně, při reálném odhadu trhu práce 88
miliard.
Podniky potřebují přes
3
% veškeré pracovní síly
Úřad práce ČR evidoval ke konci května 2026 celkem 94 380 volných pracovních míst. Současně ale ve své tiskové zprávě výslovně uvedl, že tato data „komplexně nepokrývají celý trh práce“ a že řada pozic se inzeruje a obsazuje přes další portály a sociální sítě. Hlášení volných míst je navíc pro zaměstnavatele dobrovolné. Podle Konfederace zaměstnavatelských a podnikatelských svazů (KZPS) poptávají podniky násobně více pracovní síly, než kolik lze z veřejných zdrojů odvodit
„Oficiální statistika je užitečná, ale ukazuje jen oficiálně evidovanou část trhu. Poptávka po lidech je proto podstatně vyšší než oněch 94 tisíc. Podle našeho kvalifikovaného odhadu vycházející od informací našich členů se reálně jedná o dvojnásobek, tedy zhruba 190 tisíc míst,“
uvádí Jiří Horecký, prezident Konfederace zaměstnavatelských a podnikatelských svazů.
„
Podle oficiální evidence firmy poptávají jen 1,7 % celkové pracovní síly, což by samo o sobě nenaznačovalo strukturální problém. Když ale započteme reálně volné pozice, poptávají firmy přes
3
% práceschopných obyvatel. A to už na strukturální problém ukazuje, zvláště když Úřad práce zároveň eviduje téměř
359
tisíc nezaměstnaných
,“ doplňuje Radovan Hauk, partner poradenské skupiny Moore Czech Republic
Jedním neobsazeným místem přichází ekonomika o potenciál 1,
7
milionu korun
Výpočet vychází z průměrné hrubé mzdy 50 282 Kč (údaj ČSÚ za 1. čtvrtletí 2026). Stát přitom z každého obsazeného místa inkasuje příjem hned ze dvou stran. Na straně zaměstnance jde o odvody na sociální a zdravotní pojištění a o daň z příjmu, dohromady zhruba 27 800 Kč měsíčně, tedy kolem 330 tisíc korun ročně. Na straně zaměstnavatele pak pracovník vytváří přidanou hodnotu, z jejíhož zisku firma odvede korporátní daň. Když se k tomu připočte DPH ze spotřeby zaměstnance a spotřební daně, dostane se celkový přínos jednoho místa pro veřejné rozpočty přibližně na 465 tisíc korun ročně. Současně každé takové místo vytváří ekonomický výkon (HDP) řádově 1,7 milionu korun ročně. O tyto částky stát i ekonomika u každé neobsazené pozice přicházejí.
Ztráty jdou do desítek miliard
Při 94 380 oficiálně evidovaných místech představuje výpadek veřejných rozpočtů 44 miliard korun ročně a nevytvořený HDP zhruba 160 miliard korun. Pokud platí odhad, že skutečný počet volných míst je dvojnásobný, dosahuje roční ztráta veřejných rozpočtů zhruba 88 miliard korun.
„Jen u oficiálně evidovaných míst se bavíme o zhruba
44 miliardách korun ročně, reálně až 88
miliardách. Abychom si lépe představili, tak čistě teoreticky, pokud by se podařilo všechna tato místa obsadit, ekonomika by ročně vytvořila o zhruba
320
miliard korun vyšší výkon, což odpovídá
přibližně
3 procentům HDP. Úplné obsazení je samozřejmě nereálné, ale dobře to ilustruje, jak velký potenciál nám kvůli neobsazeným místům každý rok uniká,“
říká Radovan Hauk.
Řešení existuje: otevření trhu práce
Řešení je především v řízené pracovní imigraci a částečně i ve větší flexibilitě zaměstnávání. U řízené imigrace jde hlavně o navyšování kvót pro pracovníky ze zemí, odkud by mohli přicházet. Spolu s tím i o rozšíření kapacit českých ambasád v těchto zemích, aby dokázaly žádosti zpracovat rychleji a ve větším objemu. Změny se musí týkat rovněž procesů a podmínek vlastního vstupu cizinců na český pracovní trh. Pomoci může také lepší využívání částečných úvazků, ať už pro matky po rodičovské dovolené, nebo zlepšení podmínek a motivace pro pracovníky odcházející do starobního důchodu, aby v práci zůstali déle.",2026-06-17T15:33:55.067155
https://www.moore-czech.cz/singles-to-maji-nejtezsi-v-praze-ekonomicky-jsou-na-tom-nejlepe-na-ustecku/,Singles to mají nejtěžší v Praze. Ekonomicky jsou na tom nejlépe na Ústecku,2026-06-09T07:41:15+00:00,2026-06-09T09:30:40+00:00,Eliška Jodasová,Tisková zpráva,"Pražané žijící sami berou nejvyšší mzdy, ale po zaplacení nákladů jim zůstane nejméně ze všech krajů. Přestože pražští zaměstnanci mají nejvyšší příjmy v zemi, jednotlivci žijící sami zde mají vůbec nejhorší ekonomickou situaci z celé České republiky. Praha sice vede žebříček odměňování, kde medián hrubé mzdy zde činí 49 775 Kč, čistého zůstává zhruba 38 […]",https://www.moore-czech.cz/wp-content/uploads/sites/3/2026/06/shutterstock_2683902495-scaled.jpg,6 minut,"Sdílet
Link copied
Autor
Eliška Jodasová
Introduction
Pražané žijící sami berou nejvyšší mzdy, ale po zaplacení nákladů jim zůstane nejméně ze všech krajů
.
Přestože pražští zaměstnanci mají nejvyšší příjmy v zemi, jednotlivci žijící sami zde mají vůbec nejhorší ekonomickou situaci z celé České republiky. Praha sice vede žebříček odměňování, kde medián hrubé mzdy zde činí 49 775 Kč, čistého zůstává zhruba 38 476 Kč. Zároveň ale vykazuje největší rozdíly v odměňování ze všech krajů. Poměr mediánu k průměru je tu nejnižší v zemi (0,79). Největší vliv na to, kolik nakonec samostatně žijícímu jedinci zůstane na konci měsíce, mají náklady na bydlení včetně energií. Nájem modelového bytu spolkne v Praze 74 % čisté mzdy, nejvíce v zemi. Po zaplacení nákladů tak single Pražanovi zůstane přibližně 6 919 Kč měsíčně na potraviny, zábavu a jiné zbytné náklady. To je nejméně ze všech krajů. Zatímco nejlépe je na tom single v Ústeckém kraji s 15 217 Kč, tedy více než dvojnásobkem. Zjištění vyplývá z analýzy poradenské skupiny Moore Czech Republic.
Nejvyšší příjmy, ale i největší rozdíly
Praha dlouhodobě vede žebříček odměňování. Průměrný hrubá měsíční výdělek zde v roce 2025 dosáhla 62 723 Kč
[1]
, tedy o 27 % více než celorepublikový průměr (49 215 Kč) a o 20 674 Kč (49 %) více než v nejhůře placeném Karlovarském kraji. Také medián hrubé mzdy je v Praze nejvyšší 49 775 Kč
[2]
oproti 41 742 Kč za celou ČR. Vysoké příjmy ale provázejí i největší rozdíly. Poměr mediánu k průměru je v Praze nejnižší v zemi (0,79 oproti 0,85 za ČR). Nejvyrovnanější je naopak odměňování v Plzeňském kraji, kde poměr mediánu k průměru dosahuje 0,92.
„
Protože odvody rostou s výší příjmu, je v Praze i nejvyšší rozdíl mezi hrubou a čistou mediánovou mzdou. Z hrubého mediánu 49 775 Kč zůstane čistého zhruba 38 476 Kč tedy rozdíl 11 299 Kč měsíčně. Jen pro srovnání to je téměř o 2 900 Kč více, než kolik na odvodech ztratí medián v Karlovarském kraji
,“ porovnává Marcela Hrdá, partnerka poradenské skupiny Moore Czech Republic.
Za 65metrový byt zaplatí Pražan 74% mediánové mzdy. Ústečan 42 %
Kolik singles nakonec zůstane v kapse rozhodují náklady na bydlení. Nájem za modelový byt 65 m² stojí Praze v průměru 28 600 Kč měsíčně
[3]
, což představuje 74 % čistého mediánu mzdy. Jedná se o nejvyšší zátěž v zemi. Nejlevněji bydlí jednotlivci v Ústeckém kraji, kde stejný byt vyjde na 13 065 Kč (jen 42 % čisté mzdy). Absolutní rozdíl v nájmu mezi oběma kraji činí 15 535 Kč měsíčně (+119 %).
„Po započtení nájmu i energií zůstane svobodnému Pražanovi pouhých 6 919 Kč měsíčně
[4]
. To je nejméně ze všech krajů. Zatímco samostatně žijící jedinec v Ústeckém kraji má k dispozici 15 217 Kč, tedy více než dvojnásobek. Jde o výsledky modelových propočtů, takže v realitě a u konkrétního člověka mohou být nominální hodnoty trochu jiné. Nicméně i se započtení odchylky je nepoměr tak velký, že jasně boří stereotyp, že ‚v Praze je blaze‘. Praha tak navzdory nejvyšším mzdám končí pro jednotlivce na posledním místě,“
říká Marcela Hrdá, partnerka poradenské skupiny Moore Czech Republic a dodává:
„V Praze může člověk dosáhnout nejvyšší životní úrovně ze všech krajů, ale samostatně žijící osoba to má nejtěžší. Jakmile se ale náklady na bydlení rozloží, ať už spolubydlením, vlastním bytem nebo rodinou, životní úroveň v Praze prudce roste a metropole se rázem posouvá na špičku.“
Nejlépe vycházejí singles na Moravskoslezsku a Vysočině
Velmi dobře jsou na tom pro jednotlivce dva kraje, které nepatří k nejlépe placeným, a přesto nabízejí nadprůměrnou kupní sílu. Moravskoslezský kraj je s 14 499 Kč zbylými po nákladech na bydlení druhý nejlepší v republice. Ostravská aglomerace přináší silnou nabídku práce s vyššími příjmy (medián hrubé mzdy 40 342 Kč) a zároveň jedny z nejnižších nákladů na energie.
Hned za ním je Vysočina s 13 865 Kč měsíčně. Zde se kombinují nízké ceny bydlení (nájem 14 300 Kč, jen 46 % čisté mzdy) s relativně silný mediánová příjem (39 986 Kč) a jedním z nejvyrovnanějších poměrů mediánu k průměru v zemi (0,90). Jednotlivci si tu díky tomu udrží více peněz než ve většině bohatších regionů.
V Praze se situace bude dál zhoršovat
Podle analýzy se přitom situace singles v Praze bude dále zhoršovat, a to právě kvůli nákladům na bydlení. Vlastní bydlení je v metropoli pro jednotlivce stále hůře dosažitelné. Cena za m² bytu je v Praze zhruba 3,3–3,4× vyšší než v Ústeckém či Karlovarském kraji
[5]
, tak bude stále více jedinců odkázáno na nájemní bydlení. To přitom dlouhodobě zdražuje rychleji než mzdy. Čím větší podíl příjmu spolkne nájem, tím hlouběji se propadá reálná životní úroveň pražských singles a nůžky mezi nominálně nejvyššími příjem a skutečnou kupní silou jednotlivců se budou dále rozevírat.
[1]
Průměrná hrubá měsíční mzda za rok 2025: ČSÚ, Průměrné mzdy – celoroční údaje 2025 (podnikové výkaznictví), Rychlé informace za 4. čtvrtletí 2025 (březen 2026).
[2]
Medián hrubé mzdy za rok 2024: ČSÚ, Strukturální šetření mezd zaměstnanců 2024 (publikováno 23. 5. 2025), csu.gov.cz/produkty/prumerna-hruba-mesicni-mzda-a-median-mezd-v-krajich.
[3]
Nájemné: Bezrealitky.cz / European Housing Services, analýza za 2. čtvrtletí 2025 (publikováno ČTK 26. 6. 2025), průměrná nabídková cena pronájmu: ČR 373 Kč/m², Praha 440 Kč/m², Ústecký kraj 201 Kč/m².
[4]
Náklady na bydlení = modelový výpočet pro byt 65 m² pro jednu osobu (nájem + energie: voda 8 m³, teplo 1,2 GJ, elektřina 200 kWh měsíčně) dle krajských cen.
[5]
Orientační ceny bytů z realitních databází (ČSÚ Ceny nemovitostí 2024, Bezrealitky), přelom 2024/2025.",2026-06-17T15:33:58.010337
https://www.moore-czech.cz/konec-levnych-balicku-z-ciny-clo-zdrazi-prumernou-objednavku-o-70/,Konec levných balíčků z Číny. Clo zdraží průměrnou objednávku o 70 %,2026-06-01T12:37:52+00:00,2026-06-01T12:39:11+00:00,Eliška Jodasová,Tisková zpráva,"U vícepoložkových košíků až několikanásobně. Evropská unie zavádí od 1. července 2026 jednotné fixní clo 3 € na každou tarifní položku v zásilkách nízké hodnoty (do 150 €) přicházejících ze zemí mimo EU. Opatření míří především na záplavu balíčků z Číny. V roce 2024 jich do EU dorazilo zhruba 4,6 miliardy, z toho přibližně 91 % […]",https://www.moore-czech.cz/wp-content/uploads/sites/3/2026/06/shutterstock_2380098447.jpg,6 minut,"Sdílet
Link copied
Autor
Eliška Jodasová
Introduction
U vícepoložkových košíků až několikanásobně
.
Evropská unie zavádí od 1. července 2026 jednotné fixní clo 3 € na každou tarifní položku v zásilkách nízké hodnoty (do 150 €) přicházejících ze zemí mimo EU. Opatření míří především na záplavu balíčků z Číny. V roce 2024 jich do EU dorazilo zhruba 4,6 miliardy, z toho přibližně 91 % z Číny. V Česku už tři čínské platformy obsadily místa v žebříčku top 10 e-shopů a přes Temu, Shein a AliExpress nakoupili dva ze tří Čechů. U průměrné zásilky z Temu v hodnotě kolem 128 Kč nový poplatek včetně DPH znamená nárůst ceny o zhruba 70 % na 218 Kč. Pokud balíček obsahuje zboží různých kategorií, počítá se clo za každou položku v košíku. Tříeurové clo je ale dočasné a má platit maximálně do 1. července 2028.
Rozhoduje den proclení, ne objednávky
Pro spotřebitele není rozhodující den, kdy si objednají, ale den, kdy zboží fyzicky vstoupí na území Evropské unie. Pravidlo se proto vztahuje na všechny zásilky proclené od 1. července 2026 dál. Tedy i na sortiment objednaný ještě v červnu.
„Rozhodující není den, kdy si zákazník objedná, ale den, kdy produkt fyzicky vstoupí na území Evropské unie. Nové pravidlo se proto vztahuje na všechny zásilky proclené od 1. července 2026 dál. Tedy i na zboží objednané ještě v červnu, pokud k proclení dojde až po tomto datu,“
uvádí Radovan Hauk, partner poradenské společnosti Moore Czech Republic.
Tři eura za každou kategorii zboží, ne za balíček
Klíčový a často přehlížený detail je způsob výpočtu. Tříeurový poplatek se neúčtuje jednorázově za celý balík, ale za každou samostatnou tarifní položku v zásilce, tedy za každý druh zboží zařazený do jiné kategorie celního sazebníku. K poplatku se navíc vždy připočítává standardní 21% DPH, které se počítá z celní hodnoty včetně cla.
„Lidé si často myslí, že 3 eura zaplatí za celý balíček. Tak to ale není. Tříeurový poplatek se neúčtuje jednorázově za celý balík, ale vyměřuje se za každou samostatnou tarifní položku v zásilce. Když si zákazník objedná v jednom balíčku tričko, sluchátka a obal na telefon, jde o tři různé kategorie a zaplatí třikrát tři eura. K poplatku se navíc vždy připočítává standardní 21 % DPH, která se počítá z celní hodnoty včetně cla. Pokud si naopak zákazník objedná pět kusů stejného zboží ve stejné kategorii, zaplatí 3 € jen jednou,“ vysvětluje Radovan Hauk.
U průměrné zásilky z Temu navýšení o 70 %, u třech kategorií trojnásobek
Hodnota běžné spotřebitelské zásilky z Temu do ČR se podle dopočtu z veřejných dat pohybuje kolem 120–130 Kč. Tříeurové clo v přepočtu znamená zhruba 75 Kč, a po připočtení DPH 21 % činí reálné navýšení přibližně 90 Kč na jednu kategorii v balíčku. U průměrné objednávky za 128 Kč to v praxi znamená navýšení o zhruba 70 % na cca 218 Kč. Pokud zásilka obsahuje zboží ze dvou různých tarifních tříd, cena se prakticky zdvojnásobí (cca 308 Kč). U tří kategorií dosáhne přibližně 400 Kč, což je více než trojnásobek původní ceny.
„V praxi to zákazník pozná tak, že poplatek uvidí rovnou v košíku na e-shopu. Předpokládáme, že velké platformy si jeho automatický výpočet a zobrazení v ceně zapnou už od 1. července 2026, kdy nová pravidla nabíhají,“ dodává Radovan Hauk.
Pomalé narovnání konkurenčního prostředí
Český a evropský prodejce musí na zboží splnit celou řadu náročných povinností od certifikace CE, prohlášení o shodě, testy nezávadnosti, pravidla pro obaly a recyklaci, dvouletou záruku, plnohodnotný reklamační a servisní proces, ESG a další povinnosti. U balíčků z čínských internetových tržišť přitom často nic z toho fakticky neexistuje. Zboží projde hranicí bez kontroly, bez certifikátů, bez českého návodu, bez záruky a bez reálné možnosti reklamace a dosud bylo navíc osvobozeno i od cla.
„Toto opatření vnímám primárně jako krok k narovnání podmínek férové soutěže. Nicméně i po zavedení cla budou čeští prodejci znevýhodněni. Český a evropský prodejce má významné lidské i finanční investice, které stojí za každou jednou položkou na pultě nebo ve skladu. U balíčků z čínských internetových tržišť často nic z toho fakticky neexistuje. Tříeurový poplatek tuto disproporci nesmaže, ale aspoň ji začne korigovat,“
doplňuje Radovan Hauk.
Z pohledu tuzemských výrobců a značek působících v retailu jde o krok správným směrem, ale ne o vyřešení neudržitelné situace.
„Tříeurové clo na zásilky z Číny je dobrá zpráva a v něčem pomůže. Lehce narovná konkurenční prostředí, ve kterém tuzemští výrobci, dovozci i prodejci dlouhodobě hrají podle úplně jiných pravidel než asijské platformy. Rozhodně to ale není kompletní ani dlouhodobé řešení. Bez důsledné kontroly bezpečnosti, certifikace, garance záruk a vymahatelnosti reklamací zůstane asymetrie zachována. Pokud má evropský trh dlouhodobě fungovat férově, musí přijít systémová reforma. Tříeurový poplatek je jen první, byť potřebný krok,“
říká Monika Čížková, zástupce značky Sencor.
Do ČR dorazilo přes 85 miliónů balíčků
Podle dostupných žebříčků je Temu se zhruba 10,9 mld. Kč tržeb 4. největším e-shopem v Česku, Shein s 8,2 mld. Kč obsadil 5. místo a AliExpress s 4,2 mld. Kč drží 10. příčku
[1]
. Loni dorazilo do ČR přes 100 milionů objednávek ze zahraničních internetových obchodů a 85 ze 100 z nich bylo objednáno právě na Temu. Přes čínský e-shop už nakoupili dva ze tří Čechů. Na úrovni celé EU se bavíme o 4,6 miliardách zásilek nízké hodnoty za rok 2024, z toho zhruba 91 % z Číny.
Politickou dohodu Rady EU o novém celním režimu potvrdila 12. prosince 2025 a formálně schválila 11. února 2026. Listopad 2026 by měl předběžně přinést také samostatný manipulační poplatek kolem 2 € (Customs Handling Fee). Skutečná reforma podle Evropské komise teprve přijde. po spuštění EU Customs Data Hub (předpokládá se rok 2028) fixní clo nahradí standardní tarifní sazby vyměřované podle konkrétního typu zboží, tak jak to známe u větších zásilek.
[1]
Žebříček BizMachine z 10.6. 2025",2026-06-17T15:33:59.793814
https://www.moore-czech.cz/novy-zakon-o-kyberneticke-bezpecnosti-dopadne-na-6-tisic-subjektu/,Nový zákon o kybernetické bezpečnosti dopadne na 6 tisíc subjektů,2026-05-26T07:46:27+00:00,2026-06-01T12:38:40+00:00,Eliška Jodasová,Tisková zpráva,"Povinnosti se nevyhnou municipality či podniky z energetiky a logistiky. Nová pravidla přenášejí odpovědnost z IT oddělení přímo na management a dělí subjekty do dvou režimů podle významu služby. Kybernetické incidenty se budou muset hlásit už do 24 hodin od zjištění a organizace dostanou na zavedení bezpečnostních opatření pouze rok. O tom, kdo regulaci podléhá, rozhodne […]",https://www.moore-czech.cz/wp-content/uploads/sites/3/2026/05/shutterstock_2634084961-scaled.jpg,4 minuty,"Sdílet
Link copied
Autor
Eliška Jodasová
Introduction
Povinnosti se nevyhnou municipality či podniky z energetiky a logistiky
.
Nová pravidla přenášejí odpovědnost z IT oddělení přímo na management a dělí subjekty do dvou režimů podle významu služby. Kybernetické incidenty se budou muset hlásit už do 24 hodin od zjištění a organizace dostanou na zavedení bezpečnostních opatření pouze rok. O tom, kdo regulaci podléhá, rozhodne NÚKIB; v přísnějším režimu pak bude povinný i audit kybernetické bezpečnosti. Povinnost dopadne podle odhadů na 6 tisíc. Týkat se může například poskytovatelů cloudových služeb a datových center, dopravních a logistických firem, podniků z energetiky, výroby, vodohospodářství, zdravotnických zařízení, či digitální infrastruktury, ale také některých úřadů, krajů a obcí.
Nejde jen o IT oddělení
Pro vedení organizací je důležité, že nové povinnosti nejsou jen technická záležitost pro IT specialisty. „
Zákon počítá s tím, že instituce budou muset vědět, které jejich služby a systémy jsou důležité, kdo za ně odpovídá a jak budou postupovat při problému. Odpovědnost se tak v praxi přesouvá zejména na management, který bude muset činit důležitá rozhodnutí a alokovat prostředky pro dosažení souladu s požadavky legislativy. Pro mnoho subjektů to bude znamenat nad rámec technologických opatření také nové vnitřní směrnice, role i procesy
,“ říká Radek Dvořáček, senior manažer skupiny Moore Czech Republic
Firmy i instituce mají přísné lhůty
Jednou z největších novinek je mechanismus takzvané regulované služby. Ty definuje právě nový zákon o kybernetické bezpečnosti. Organizace poskytující tyto činnosti pak mohou být zařazeny do režimu nižších nebo vyšších povinností. Už tady se objevují konkrétní lhůty: pokud subjekt splní podmínky, musí službu ohlásit do 60 dnů prostřednictvím Portálu NÚKIB. Po doručení rozhodnutí o registraci pak musí do 30 dnů nahlásit další údaje, například kontaktní informace a další předepsané údaje, a změny těchto údajů hlásit do 14 dnů.
Pouze rok na přípravu
Zákon také výslovně počítá s povinností hlásit kybernetické incidenty v určených lhůtách. Prvotní hlášení má přijít do 24 hodin od zjištění incidentu, další oznámení v určených případech do 72 hodin a závěrečná zpráva do 30 dnů. Zároveň ukládá regulovaným subjektům zavádět technická i organizační bezpečnostní opatření. S plněním těchto povinností musí začít nejpozději do 1 roku od doručení rozhodnutí o registraci.
„Rozdíl mezi nižšími a vyššími povinnostmi bude v praxi dobře vidět. V režimu nižších povinností půjde například o to, aby organizace měla základní přehled co a jak musí chránit, nastavila základní bezpečnostní pravidla a uměla incident nahlásit pomocí Portálu NÚKIB
,“ říká Radek Dvořáček, senior manažer skupiny Moore Czech Republic a dodává: „
V režimu vyšších povinností bude rozsah širší. Instituce bude muset mít robustnější řízení bezpečnosti, musí být výrazně důslednější v práci s dodavateli, přístupovými právy, evidencí událostí nebo kontinuitou provozu. Zákon výslovně počítá také s penetračními testy a například obnovením provozu po nečekané události zvané.
“
Zákon tak představuje jednu z největších změn v této oblasti za poslední roky. Pro laickou veřejnost je podstatné hlavně to, že kybernetická bezpečnost už není okrajové téma pro úzkou skupinu specialistů. Stává se z ní povinnost, která dopadne na tisíce firem i nefiremních subjektů. A protože zákon zavádí konkrétní termíny, nové ohlašovací povinnosti i rozdílný režim podle významu služby, bude pro řadu organizací důležité začít se na pravidla připravovat včas.",2026-06-17T15:34:02.762993
https://www.moore-czech.cz/kazda-treti-zadost-o-pripojeni-solarniho-zdroje-je-zamitnuta-z-pozadovaneho-vykonu-se-nepusti-89/,Každá třetí žádost o připojení solárního zdroje je zamítnuta.  Z požadovaného výkonu se nepustí 89 %,2026-05-22T13:19:39+00:00,2026-05-22T13:19:41+00:00,Eliška Jodasová,Tisková zpráva,"Rozvoj fotovoltaiky v Česku naráží na fyzické limity soustavy. Distributoři proto v řadě lokalit připojení nových zdrojů odmítají, omezují jejich výkon nebo neumožňují prodej přetoků do sítě. Například v distribučním území společnosti EG.D (zejména na jižní Moravě a jihu Čech) mezi březnem 2025 a březnem 2026 bylo zamítnuto přes 6 700 žádostí, které představují 30 % celkového […]",https://www.moore-czech.cz/wp-content/uploads/sites/3/2026/05/shutterstock_2347337583.jpg,7 minut,"Sdílet
Link copied
Autor
Eliška Jodasová
Introduction
Rozvoj fotovoltaiky v Česku naráží na fyzické limity soustavy. Distributoři proto v řadě lokalit připojení nových zdrojů odmítají, omezují jejich výkon nebo neumožňují prodej přetoků do sítě. Například v distribučním území společnosti EG.D (zejména na jižní Moravě a jihu Čech) mezi březnem 2025 a březnem 2026 bylo zamítnuto přes 6 700 žádostí, které představují 30 % celkového počtu. Z pohledu výkonu je rozdíl výraznější. Z požadovaných 53 042 MW se neschválilo 89 %. Mírnou úlevu tomuto kapacitnímu problému může přinést připravovaná reforma tarifní struktury. Dlouhodobé řešení je ale otázkou dekády. Druhým problémem pro rozvoj fotovoltaiky je zhoršující se ekonomika provozu. Počet hodin se zápornými cenami elektřiny se za poslední dva roky vzrostl 2,5x a dosavadní vývoj naznačuje, že rok 2026 bude rekordní. To komplikuje návratnost instalací závislých na prodeji přebytků do sítě.
Elektrická síť se budovala pro jednosměrné toky od velkých centrálních zdrojů ke spotřebitelům. Rychlý nárůst počtu malých výroben proto zvyšuje nároky na řízení i posilování soustavy. Problém se týká všech fotovoltaických elektráren (FVE) včetně těch malých na rodinných domech. V praxi se povoluje jen tzv. zjednodušené připojení mikrozdroje, tedy provoz FVE pro vlastní spotřebu bez možnosti prodávat přebytky do sítě. Mírné zlepšení by mohla přinést připravovaná reforma tarifní struktury, která má podle aktuálního harmonogramu začít platit pro hladiny VN a VVN od roku 2027.
Za poslední tři roky se počet zamítnutí téměř zdvojnásobil
Konkrétní data zveřejňuje sám distributor. Podle EG.D bylo v období březen 2025 až březen 2026 přijato 22 793 žádostí o připojení nových výroben, z toho 6 721 bylo odmítnuto. Tedy téměř každá třetí. Z pohledu instalovaného výkonu je nepoměr ještě markantnější: z požadovaných 53 042 MW nebylo povoleno 47 089 MW, tedy bezmála 89 %. Část projektů se k síti nakonec připojit mohla, ale pouze se sníženým výkonem, ve zjednodušeném režimu pro mikrozdroj nebo bez možnosti dodávat přebytky do sítě. Distributor přitom neuvádí, kolika případů se toto částečné povolení týkalo.
V kontextu celostátní statistiky ERÚ je trend jasný. V roce 2021 bylo v České republice odmítnuto kolem 14 % žádostí o připojení a 54 % požadovaného výkonu. O tři roky později, v roce 2024, šlo už o 27 % žádostí a 91 % výkonu. Na jižní Moravě a v jižních Čechách (distribuční území EG.D) se podle analýzy map připojitelnosti omezení nových FVE týká přibližně 15 % lokalit. V distribučním území ČEZ Distribuce, které pokrývá zbývající část republiky kromě Prahy, je tento podíl nižší, kolem 8 %. Naopak distribučního území PREdistribuce (Praha) se tento problém s ohledem na hustou síť zatím příliš netýká. Celostátně tak lze pracovat s konzervativním odhadem kolem 10 %, s výraznější koncentrací problémových míst právě v regionech EG.D.
„Distribuční společnosti se dostávají do situace, kdy poptávka po novém připojení převyšuje fyzické možnosti soustavy. Schvalují se proto především malé instalace, zatímco velký rezervovaný výkon zůstává vázán v projektech, které ještě nevyrábějí. A v některých případech možná ani reálně nikdy vyrábět nezačnou,“
uvádí Jan Votava, expert poradenské společnosti Moore Advisory CZ.
Počet záporných hodin se přibližně vzrostl 2,5x
Druhým rizikem pro provozovatele FVE je rostoucí počet hodin, kdy je elektřina na trhu obchodována za záporné ceny. Jde o okamžiky, kdy nabídka výrazně převyšuje poptávku a výrobce v podstatě platí za to, že do sítě dodává. V roce 2023 evidoval český trh 134 takových hodin, v roce 2024 už 315 (meziroční nárůst o 135 %) a v roce 2025 celkem 322 hodin. Letošní vývoj naznačuje další zrychlení. Za první čtyři měsíce roku 2026 jich bylo 105, zatímco ve stejném období roku 2023 šlo o pouhých 12 hodin, v roce 2024 o 53 hodin a v roce 2025 o 82 hodin.
„Pro majitele FVE to znamená, že cena za prodej přetoků je stále volatilnější a v některých obchodních modelech může být nízká, nulová nebo dokonce záporná. To znamená, že prodávají se ztrátou. Pokud se k tomu přidá omezení připojení nebo zákaz přetoků, ekonomika nových instalací se výrazně zhoršuje,“
doplňuje Jan Votava.
Ekonomická past: vyrábím v létě, kupuji v zimě
Investoři do fotovoltaiky se podle společnosti Moore Advisory CZ dostávají do několika souvisejících problémů. V létě vyrobí přebytek, v zimě naopak málo, takže plný potenciál instalace využijí jen část roku. Levná elektřina přes den a drahá večer mění odběrový profil zákazníka – obchodník proto za jeho elektřinu platí vyšší náklady, což zpětně tlačí na vyšší fixní složku ceny. Bateriová úložiště ekonomiku zlepšují, ale jen při správném dimenzování. Problém zimních měsíců nevyřeší a zpravidla nepokryjí ani 100 % přetoků. „
Návratnost střešní FVE pro typický rodinný dům s plným připojením do sítě se dnes obvykle může pohybovat kolem osmi let, bez možnosti dodávat přetoky se může protáhnout až na dvanáct let
,“ upřesňuje Jan Votava.
Tarifní reforma uleví, ale zázraky čekat nelze
Díky navrženému systému už firmy nebudou platit podle dosavadní rezervované kapacity, ale podle rezervovaného příkonu a maximálního odebraného výkonu. Praktickým dopadem bude ekonomický tlak na zákazníky, kteří si v síti drží zbytečně velkou kapacitu “pro jistotu“. Podle dopadové studie ERÚ by tato úprava mohla u odběratelů na hladinách vysokého a velmi vysokého napětí uvolnit až 3 000 MW kapacity, tedy zhruba 16 % celkového blokovaného výkonu v této skupině. U domácností a malých podnikatelů bude změna pomalejší a zpočátku dobrovolná. Klíčovou podmínkou jsou chytré elektroměry, bez nichž nelze férově vyhodnotit, kdy domácnost síť skutečně zatěžuje.
„Tarifní reforma je krok správným směrem, ale sama o sobě řešení připojitelnosti nepřinese. Pomůže uvolnit část kapacity, kterou si dnes velcí odběratelé drží zbytečně. Neřeší ale fyzické limity vedení a transformačních stanic. Tam, kde síť technicky nestačí, zůstane fronta na připojení i po zavedení nových tarifů,“
upozorňuje Jan Votava.
Systémové řešení je úkol na celou dekádu
V některých konkrétních lokalitách se může situace zlepšit během dvou až tří let, pokud má distributor připravené posílení vedení nebo trafostanice. Celkové řešení je ale podle Moore Advisory CZ spíše otázkou dekády. Nejde jen o další investice do soustavy, ale také o změnu způsobu, jakým se elektřina vyrábí, spotřebovává a řídí. Budoucnost energetiky bude více decentralizovaná a bude stát na co nejlepším sladění spotřeby s lokální výrobou. Čím více se podaří elektřinu spotřebovat v místě a čase, kdy vzniká, tím nižší budou požadavky na přenosové a distribuční sítě i na následnou akumulaci. Vedle posilování sítí proto bude klíčové plošné rozšíření chytrých elektroměrů, rozvoj akumulace, flexibility na straně spotřeby a úprava pravidel komunitní energetiky tak, aby zvýhodňovala lokální spotřebu v místě a čase výroby.
„Současné nastavení komunitní energetiky řeší především obchodní stránku sdílení elektřiny, ne kapacitní problém. Z pohledu zatížení soustavy přitom není jedno, jestli přebytek ze střechy spotřebuje soused ve stejné části sítě, nebo odběrné místo vzdálené stovky kilometrů. Pokud má komunitní energetika reálně pomáhat soustavě, musí motivovat ke spotřebě v místě a čase výroby. Dynamika výroby a spotřeby se přitom nebude promítat jen do silové ceny elektřiny, ale postupně i do plateb za připojení a využívání distribuční soustavy. Kapacita soustavy bude s rozvojem obnovitelných zdrojů stále cennější komoditou a její rezervace bude mít vyšší cenu,“ uzavírá Jan Votava.",2026-06-17T15:34:06.197707
https://www.moore-czech.cz/firmy-budou-muset-zverejnovat-mzdy-v-inzeratech-hrozi-spory-o-doplaceni-prijmu/,Firmy budou muset zveřejňovat mzdy v inzerátech. Hrozí spory o doplacení příjmů,2026-05-14T08:57:39+00:00,2026-05-14T09:06:50+00:00,Eliška Jodasová,Tisková zpráva,Směrnice o transparentnosti odměňování přináší největší změnu v personální agendě za poslední roky. Začíná už u náboru. Firmy budou muset v inzerátech nebo nejpozději před pohovorem uvádět nástupní mzdu. Změny se ale dotknou i stávajících zaměstnanců. Ti získají právo na informace o průměrné odměně na srovnatelných pozicích. S tím se objevuje riziko sporů o doplacení mezd. […],https://www.moore-czech.cz/wp-content/uploads/sites/3/2026/05/shutterstock_2725930483-scaled.jpg,7 minut,"Sdílet
Link copied
Autor
Eliška Jodasová
Introduction
Směrnice o transparentnosti odměňování přináší největší změnu v personální agendě za poslední roky. Začíná už u náboru. Firmy budou muset v inzerátech nebo nejpozději před pohovorem uvádět nástupní mzdu. Změny se ale dotknou i stávajících zaměstnanců. Ti získají právo na informace o průměrné odměně na srovnatelných pozicích. S tím se objevuje riziko sporů o doplacení mezd. Podniky budou mít hned několik monitorovacích a reportovacích povinností, při jejiž porušení hrozí nemalé pokuty. Příprava přitom není levná. Podle složitosti struktury firmy a reálné připravenosti interních HR dat se náklady pohybují od stovek tisíc až po jednotky milionů korun. Celkově jde pro Česko o citlivé téma. Gender pay gap u nás v roce 2024 dosáhl 18,5 % a je těsně druhý nejvyšší v EU. Zatímco unijní průměr činil pouhých
11
%.
[1]
Za změnami je evropská směrnice o transparentnosti odměňování, kterou musí Česká republika přenést do 7. června 2026. Podle aktuálního návrhu MPSV mají základní povinnosti nabýt účinnosti od 1. ledna 2027, avšak aktuálně prochází tento návrh meziresortním připomínkovým řízením, přičemž jeho výsledek nelze nyní jednoznačně predikovat. Směrnice posiluje zásadu stejné odměny mužů a žen za stejnou práci a má za cíl odstranit stav, kdy nerovnosti zůstávají skryté kvůli nedostatku informací na straně zaměstnanců i uchazečů.
Firmy musí monitorovat rozdíl v odměňování. Limit je 5 %.
Nejviditelnější změnou bude transparentnost v náboru. Uchazečům bude nutné sdělit nástupní mzdu (nebo její rozpětí) nejpozději před pracovním pohovorem. Zaměstnavatel se zároveň nesmí ptát na předchozí příjmovou historii uchazeče.
Dalšíoblastíje právo požádat o informace týkající se průměrné odměny pracovníků vykonávajících stejnou práci nebo práci stejné hodnoty. Zaměstnavatelé budou muset pracovat s objektivními a genderově neutrálními kritérii pro stanovení mzdy či bonusů. „
Pokud se v kategorii pracovníků vykonávajících stejnou práci objeví rozdíl v průměrné odměně žen a mužů ve výši alespoň 5 % a zároveň to nelze odůvodnit objektivními a genderově neutrálními kritérii, bude muset podnik přijmout opatření k jeho odstranění. Pokud rozdíl nebude napraven do stanoveného termínu, mohou být zaměstnavatelé vystaveni nezanedbatelným sankcím,
“ říká Veronika Pohlová, manažerka poradenské společnosti Moore Advisory CZ.
Zaměstnavatel musí prokázat, že rovnost odměňování neporušil
Směrnice počítá s tím, že pracovník, který utrpěl finanční újmu v důsledku diskriminace může požadovat náhradu včetně doplacení dlužné odměny, souvisejících bonusů nebo věcných plnění. Procesní postavení pracovníka navíc směrnice posiluje tím, že v případech porušení pravidel má být na zaměstnavateli, aby prokázal, že zásadu rovného odměňování a pravidla transparentnosti neporušil.
Sankce budou. Zatím se čeká na návrh MPSV
Směrnice výslovně počítá s pokutami. Přesná výše sankcí bude záviset na finálním českém transpozičním zákoně. Už podle současného zákona o inspekci práce může právnická nebo podnikající fyzická osoba dostat za porušení povinností na úseku rovného zacházení pokutu až do 1 000 000 Kč, pokud například nezajistí férové zacházení v odměňování nebo diskriminuje zaměstnance. Za omezení pracovníka v nakládání s informacemi o výši a struktuře jeho mzdy, platu nebo odměny z dohody hrozí pokuta až 400 000 Kč.
Náklady od stovek tisíc po jednotky milionů korun
Přesná výše nákladů na přípravu se bude lišit podle velikosti firmy, kvality HR dat, existence grade systému, počtu pozic, složitosti bonusových schémat a míry decentralizace odměňování. „
Orientačně by středně velká společnost měla počítat minimálně s několika měsíci práce. Jednodušší příprava může zahrnovat právní revizi, základní analýzu odměňování a úpravu náborových procesů. Složitější příprava bude obsahovat revizi mapy pracovních pozic, tvorbu nebo úpravu grade systému, analýzu gender pay gapu, úpravy mzdových systémů, nastavení reportingu, interní komunikaci a školení manažerů
,“ říká Marcela Hrdá, partnerka poradenské skupiny Moore Czech Republic a dodává: „
Náklady se tak mohou pohybovat od nižších stovek tisíc korun u jednodušších projektů po vyšší stovky tisíc až jednotky milionů korun u větších nebo strukturálně složitějších organizací.“
Podniky se musí připravit už nyní
Od 1. ledna 2027 mají podle aktuálního návrhu MPSV nabýt účinnosti základní ustanovení české novely. Předpokládá se, že od roku 2028 začnou platit povinnosti spojené se zpracováním zpráv o rozdílech v odměňování pro zaměstnavatele se 150 a více zaměstnanci, přičemž společnosti s 250 a více zaměstnanci budou reportovat každoročně. Firmy se 100 až 249 pracovníky v tříletém cyklu. Od roku 2031 se reportingová povinnost rozšíří v tříletém cyklu i na společnosti se 100 až 149 lidmi.
„Doporučujeme nečekat na účinnost české novely. Reporting bude vyžadovat kvalitní data, správně nastavené pracovní kategorie, dokumentovaná kritéria odměňování a schopnost rozdíly vysvětlit. Přípravu je proto vhodné začít už v roce 2026, zejména s důrazem na detailní a precizní grading pozic,“
vysvětluje Marcela Hrdá a dodává:
„Začít se musí s daty, ne komunikací. Než firma začne zveřejňovat rozpětí a odpovídat zaměstnancům, musí vědět, zda jsou její data úplná, správná a vysvětlitelná. Transparentnost odměňování zároveň není jen HR agenda. Dopadá na rozpočty, reporting, compliance, pracovní právo i vztahy s manažery.“
Okolo směrnice se už objevují první problémy a mýty
Nejčastějším problémem firem je neaktuální mapa pracovních pozic (job architecture). Firmy často nemají jasně popsané role, úrovně seniority a kritéria srovnatelnosti práce. Dalším nešvarem jsou historické individuální příjmy bez dokumentovaného důvodu. Třetím je podcenění variabilní složky odměny. Rozdíly nejsou jen v základní mzdě, ale také v bonusech, osobním ohodnocení, příplatcích a kariérních příležitostech. Už dnes se ale objevují zavádějící informace týkající se směrnice.
„Největším mýtem je představa, že transparentnost odměňování znamená povinnost zveřejnit mzdu každého zaměstnance. Tak to není. Směrnice směřuje k tomu, aby podniky pracovaly s agregovanými informacemi, mzdovými rozpětími, objektivními kritérii a srovnatelnými kategoriemi pracovníků. Nikoli ke zveřejňování individuálních mezd. Druhým častým omylem je, že se téma týká pouze velkých firem. Reporting bude odstupňován podle velikosti, ale princip rovného odměňování a potřeba objektivních kritérií se týkají zaměstnavatelů obecně,“
uzavírá Veronika Pohlová ze společnosti Moore Advisory CZ.
Česko má druhý nejvyšší rozdíl v odměňování v EU
Podle údajů za rok 2024 činil průměrný gender pay gap v EU 11,1 %. Česká republika vykázala rozdíl 18,5 %, což ji řadí mezi země s nejvyšším nepoměrem v EU. Vyšší hodnotu mělo pouze Estonsko s 18,8%. Ukazatel sice nezohledňuje všechny nesoulady ve struktuře zaměstnanosti, sektorech, senioritě nebo úvazcích, jde však o významný signál, že rozdíly v příjmech pracovníků jsou v ČR nadprůměrně vysoké.
„Zájem firem o téma transparentního odměňování jednoznačně roste, a to napříč sektory i velikostmi společností. Nejčastěji se na nás obracejí firmy, které si uvědomují, že jde o agendu s dopadem nejen do HR, ale i do firemní kultury, reputace a vztahu se zaměstnanci. Podniky chtějí vědět, čím konkrétně mají začít,“
uzavírá Marcela Hrdá.
[1]
Zdroje dat: směrnice Evropského parlamentu a Rady EU 2023/970 o transparentnosti odměňování; informace MPSV ČR (březen 2026) k transpozici a navrhované účinnosti; Eurostat – gender pay gap 2024; zákon o inspekci práce.",2026-06-17T15:34:09.474972
https://www.moore-czech.cz/firmy-omezuji-nabor-absolventu-polovina-kvuli-ekonomicke-nejistote-nebo-nakladum-kazda-sesta-kvuli-ai/,"Firmy omezují nábor absolventů. Polovina kvůli ekonomické nejistotě nebo nákladům, každá šestá kvůli AI",2026-04-27T08:33:45+00:00,2026-04-30T08:10:58+00:00,Eliška Jodasová,Tisková zpráva,Zhruba každá šestá česká firma (17 %) plánuje v příštích dvou až třech letech v souvislosti se zaváděním AI omezit juniorní pracovní pozice i nábor absolventů. V polovině případů za tím stojí ekonomická nejistota podnikatelského prostředí nebo tlak na snižování nákladů. Naopak s posílením náboru mladých talentů počítají pouhá 4 % společností. První náznaky změn se přitom objevují už […],https://www.moore-czech.cz/wp-content/uploads/sites/3/2026/04/shutterstock_2382530149.jpg,6 minut,"Sdílet
Link copied
Autor
Eliška Jodasová
Introduction
Zhruba každá šestá česká firma (17 %) plánuje v příštích dvou až třech letech v souvislosti se zaváděním AI omezit juniorní pracovní pozice i nábor absolventů. V polovině případů za tím stojí ekonomická nejistota podnikatelského prostředí nebo tlak na snižování nákladů. Naopak s posílením náboru mladých talentů počítají pouhá 4 % společností. První náznaky změn se přitom objevují už letos. Do konce roku chce snížit přijímání juniorů každá desátá firma. Vedle ekonomických důvodů se podniky ve třetině případů chtějí více zaměřit na zkušenější pracovníky a pro 14 % z nich je hlavním motivem náhrazování práce juniorů umělá inteligence. Výsledky vychází z exkluzivního průzkumu pro poradenskou skupinu Moore Czech Republic mezi 525 firmami různých velikostí.
[1]
Téma umělé inteligence a jejího vlivu na trh práce rezonuje v českém podnikatelském prostředí stále intenzivněji. Průzkum ukázal, jak firmy skutečně přistupují k náboru absolventů a zda za jejich přístupem stojí spíše technologická transformace, nebo makroekonomické prostředí.
Každá desátá firma sníží nábor juniorů ještě letos. AI není hlavní důvod
Přes veškerý diskurz o nahrazování pracovníků umělou inteligencí data nepotvrzují plošný pokles zájmu o absolventy. Naznačují ale začínající trend. Už letos plánuje omezit přijímání juniorních pracovníků 9,5 % firem. Naopak navýšení předpokládá 10 % společností a více než třetina (35 %) žádnou změnu neplánuje.
Největší změny budou u středně velkých společností
Z celkového průměru vybočují středně velké podniky. Omezení přijímání absolventů plánuje téměř 20 % z nich. Právě v této skupině podniků se také nejčastěji objevuje AI jako důvod takového kroku,  a to ve více jak pětině případů (22 %). To je výrazně více než celkový průměr 14 %.
„Naše zkušenosti ukazují, že středně velké podniky bývají v zavádění umělé inteligence, ale i automatizace obecně, často rychlejší než menší firmy. Mají obvykle více personálních a finančních zdrojů na nasazení moderních technologií a zároveň si zachovávají flexibilitu v zavádění inovací. Není proto překvapivé, že právě u této skupiny je vyšší procento firem, které plánuje omezit nábor juniorů kvůli zavádění AI. Na druhé straně spektra jsou velké korporace, které jsou v automatizaci a využívání AI nejdále, jejich nasazení je zpravidla řízeno globálně, dlouhodobě a systematicky. Tyto firmy tedy masivnějším zeštíhlením juniorských pozic již prošly,“
říká Radovan Hauk, partner poradenské skupiny Moore Czech Republic.
Graf: Očekávaná změna role juniorních pracovníků v příštích 2–3 letech v důsledku AI. Zdroj: průzkum Ipsos pro Moore Czech Republic, 2026.
Hlavní důvod: ekonomická nejistota, ne technologie
Mezi firmami, které uvažují o omezní náboru juniorů, je nejsilnějším motivem ekonomická nejistota a tlak na snižování nákladů – uvádí to 46 % respondentů. Druhým nejčastějším důvodem je příklon k seniornějším rolím a vyšší kvalifikaci (34 %). Umělá inteligence pak hraje roli ve 14 % případů.  „
České společnosti tedy neomezují přijímání absolventů proto, že by je AI plně nahradila. Reagují především na makroekonomické vlivy a mění preference směrem k vyšší odborné způsobilosti. Přímý vliv umělé inteligence na náborová rozhodnutí se zatím týká menší části trhu, jeho význam nicméně – zejména u středních firem – prokazatelně poroste,“
dodává Radovan Hauk.
Umělá inteligence nahrazuje i vytváří nové role
Dopady AI na zaměstnávání začínajících pracovníků jsou protichůdné. Přibližně 60 % respondentů vnímá vliv umělé inteligence na nábor nových lidí – a to jak ve směru snížování, tak i zvyšování potřeby přijímat nové pracovníky. Podíl firem, které očekávají omezení náboru, je přitom téměř stejný jako zastoupení firem, které naopak předpokládají vznik nových juniorních rolí.
Tato nejednoznačnost odpovídá technologické realitě. Rutinní a opakující se činnosti, které dříve často tvořily významnou část agendy začínajících pracovníků, AI postupně přebírá. Zároveň však nasazení jazykových modelů ve firmách vytváří poptávku po lidech, kteří dokážou těmto nástrojům zadávat úkoly, testovat je, interpretovat jejich výstupy a kontrolovat jejich správnost.
„AI nemění trh práce juniorů jednoznačně. Společnosti, které nasazují umělou inteligenci chytře, nepotřebují méně lidí – potřebují jiné lidi. A právě absolventi, kteří vyrostli s těmito nástroji, mohou být přínosem od prvního dne,“
říká Marcela Hrdá, partnerka poradenské skupiny Moore Cezch Republic.
Vzroste důležitost rekvalifikací
Změny na trhu práce i v požadovaných kompetencích zaměstnanců probíhají stále rychleji a s nástupem umělé inteligence se toto tempo bude dále zrychlovat. Potřeba průběžných rekvalifikací proto poroste a stane se naprostou nutností a samozřejmostí. Ve vyspělých zemích, jako je například Dánsko, je tento přístup dnes již standardem. Česká republika v této oblasti zatím výrazně zaostává, a proto bude nezbytné zásadně proměnit jak financování, tak celé nastavení systému rekvalifikací na tuzemském trhu práce.
„Pokles potřeby absolventských pozic je signálem, který by měl rezonovat na školách i v systému rekvalifikací. Absolventi, kteří ovládají práci s AI a dokáží kriticky interpretovat její výstupy, budou nabídky práce mít. Ostatní mohou čelit složitějšímu startu,“
uzavírá Radovan Hauk.
Firmy nasazují AI nejčastěji v marketingu a administrativě, HR zůstává na posledním místě
Polovina firem, které využívají umělou inteligenci, ji nasazuje především v marketingu a administrativě (back office). V 17 % případů firmy využívají AI také v IT vývoji a při řízení financí a účetnictví. Nejméně se umělá inteligence podle průzkumu uplatňuje v HR, a to jen v 7% případů. Slabé využití AI v této oblasti není překvapivé. HR obvykle nabízí méně příležitostí pro její širší nasazení z hlediska povahy i rozsahu agendy. „
Výjimkou je například nábor, který bývá ve firmách spíše okrajovou agendou a často se mu věnuje jen jeden zaměstnanec. Vzhledem k rozsahu této činnosti se proto plošná automatizace mnohdy nevyplácí. Průzkum zároveň potvrdil, že s velikostí firmy roste i rozsah využívání AI
,“ uzavírá Radovan Hauk.
[1]
Průzkum provedla společnost Ipsos mezi manažery  525 společností v březnu 2026",2026-06-17T15:34:12.424274
https://www.moore-czech.cz/kazda-sesta-firma-stale-zpracovava-faktury-v-papirove-podobe/,Každá šestá firma stále zpracovává faktury v papírové podobě,2026-04-14T09:31:04+00:00,2026-04-14T09:32:00+00:00,Eliška Jodasová,Tisková zpráva,"AI v účetnictví: firmy stojí na začátku zásadní transformace, digitalizace ale nestačí. Na automatizované zpracování s pomocí AI jsou připravena jen 3 % podniků Digitalizace účetních procesů v českých firmách výrazně zaostává za příslibem plné automatizace. Exkluzivní průzkum provedený na vzorku 525 manažerů a vedoucích pracovníků ukazuje, že 16 % podniků stále přijímá faktury v papírové […]",https://www.moore-czech.cz/wp-content/uploads/sites/3/2026/04/shutterstock_1588824214.jpg,6 minut,"Sdílet
Link copied
Autor
Eliška Jodasová
Introduction
AI v účetnictví: firmy stojí na začátku zásadní transformace, digitalizace ale nestačí. Na automatizované zpracování s pomocí AI jsou připravena jen 3 % podniků
Digitalizace účetních procesů v českých firmách výrazně zaostává za příslibem plné automatizace. Exkluzivní průzkum provedený na vzorku 525 manažerů a vedoucích pracovníků ukazuje, že 16 % podniků stále přijímá faktury v papírové podobě a zpracovává je ručně. Více než třetina podniků sice digitalizovala část procesu, ale stále se opírá o manuální zadávání a přepis dat. Na skutečnou automatizaci prostřednictvím umělé inteligence, která slibuje výrazné úspory kapacit interních i externích účetních, je připraveno pouze 3 % firem. Průzkum provedla společnost Ipsos pro poradenskou skupinu Moore Czech Republic.
[1]
Téma digitalizace účetnictví rezonuje v českém podnikatelském prostředí již několik let. Průzkum přinesl detailní pohled na skutečný stav digitálních procesů v oblasti zpracování účetních dokladů. Výsledky odhalují propastný rozdíl mezi očekáváními spojenými s nástupem AI a aktuální připraveností.
AI v účetnictví: mluví se o ní, ale firmy na ni nejsou připraveny
Přestože se téma umělé inteligence v účetnictví dostalo do hlavního proudu diskuse, realita je odlišná. Pokročilé technologie – ať už automatické vytěžování dat nebo prvky AI – vůbec nevyužívá 32 % firem. Dalších 29 % s nimi pracuje pouze okrajově, typicky ve formě základního strojového čtení dokumentů. Ve více oblastech procesu je nasadilo 9 % společností. Systematicky je rozvíjí a staví na nich své procesy jen 3 % respondentů.
„Pořád se mluví o plné automatizaci účetnictví prostřednictvím umělé inteligence, ale na tuto změnu není téměř žádná z firem skutečně připravená. Podniky musí nejprve projít fází důsledné digitalizace a následně významnější automatizace, aby vůbec mohly začít uvažovat o nasazení AI na celý proces. Teprve pak lze skutečně ušetřit kapacity interních nebo externích účetních. Na tuto cestu je v současnosti připravených jen 5 % podniků – zbytek má před sebou ještě dlouhou cestu,“
říká Marcela Hrdá, partnerka Moore Czech Republic.
Papír a ruční práce: realita každé šesté
firmy
Podle průzkumu přijímá 16 % respondentů účetní doklady stále převážně v papírové podobě
a jejich zpracování probíhá ručně. Dalších 39 % sice přešlo na příjem dokladů e-mailem ve formátu PDF, ale to samo o sobě digitalizaci procesu nezaručuje – samotný přepis dat do účetního systému zůstává z velké části manuální.
Klíčovým ukazatelem stavu digitalizace je způsob přenosu dat do účetního systému. Zatímco 18 % respondentů data stále přepisuje ručně, 36 % firem kombinuje ruční zadávání s částečnou automatizací. To znamená, že dohromady více než polovina (54 %) dosud nezautomatizovala ani základní krok celého procesu – přenos dat z dokladu do systému.
„Velká část trhu dnes považuje digitalizaci za umělou inteligenci. Ve skutečnosti jde ale o dvě zcela odlišné úrovně. Digitalizace pouze převádí data do elektronické podoby, zatímco AI s daty aktivně pracuje, interpretuje je a navrhuje rozhodnutí,“
vysvětluje Marcela Hrdá, partnerka Moore Czech Republic.
V praxi většina firem prošla tzv. první vlnou digitalizace – doklady přijímají elektronicky, využívají nástroje pro vytěžování dat z dokumentů a částečně automatizují workflow. Tyto kroky však samy o sobě nepředstavují využití umělé inteligence.
„OCR nebo workflow systémy nejsou umělá inteligence. Jsou to nástroje, které data připraví, ale nerozumí jim,“
doplňuje Marcela Hrdá.
Skutečná AI v účetnictví znamená kvalitativně jiný posun. Umožňuje interpretovat obsah dokladů v kontextu, navrhovat zaúčtování bez pevně daných pravidel, učit se z historických dat a chování účetních, identifikovat odchylky a potenciální chyby a průběžně zvyšovat přesnost svých výstupů. Nejde tedy pouze o automatizaci, ale o schopnost pracovat s daty na úrovni, která se blíží odbornému úsudku.
Schvalování dokladů: třetina podniků stále na papíru nebo v e-mailech
Oblast oběhu a schvalování dokladů vykazuje podobné tendence. Třetina dotazovaných (32 %) stále schvaluje doklady manuálně – prostřednictvím papíru nebo e-mailů bez řízeného workflow. Řízeným interním systémem schvalování disponuje 37 % firem, specializovanou digitalizační platformou pak pouze 4 %. Na druhém konci spektra – s plně automatizovaným schvalováním na základě nastavených pravidel – se pohybuje necelých 10 % respondentů.
Kam AI posune účetnictví
Hlavním důvodem rostoucího zájmu o AI přitom není pouze technologický trend, ale situace na trhu práce. Účetní populace stárne, mladí lidé o obor nejeví dostatečný zájem a zároveň roste komplexita regulace. Firmy se tak dostávají pod tlak a hledají, jak zajistit kapacitu i kvalitu svých služeb.
„Firmy dnes neřeší, zda AI využít, ale jak rychle ji dokážou implementovat, aby byly schopny dlouhodobě fungovat,“
říká Marcela Hrdá, partnerka Moore Czech Republic.
Jednou z největších překážek širšího využití AI není samotná technologie, ale kvalita vstupních dat a úroveň standardizace procesů. Firmy často pracují s nejednotnými formáty dokladů, rozdílným účtováním obdobných transakcí a nedostatečně nastavenými interními pravidly.
„Bez standardizace dat a procesů AI nepřináší očekávaný efekt. Pouze zrychlí stávající neefektivitu,“
upozorňuje Marcela Hrdá.
Umělá inteligence zároveň umožňuje posun účetnictví směrem k aktivnímu řízení firem. Díky rychlejší dostupnosti dat, průběžnému reportingu a lepšímu přehledu o cash flow se účetnictví stává důležitým nástrojem pro rozhodování managementu, nikoli pouze nástrojem zpětné evidence.
V následujících letech lze očekávat další prohlubování tohoto trendu. Trh účetních služeb už dnes prochází konsolidací, dále poroste význam technologických platforem a firmy budou nuceny přizpůsobit své obchodní modely.
„Úspěšné budou ty společnosti, které zvládnou kombinovat technologii, standardizaci a odbornou expertizu. AI není jen nástroj, ale změna celého fungování oboru,“
uzavírá Marcela Hrdá, partnerka Moore Czech Republic.
[1]
Březen, 2026. Průzkum mezi 525 firmami provedla společnost Ipsos prostřednictví nástroje Instant Research",2026-06-17T15:34:15.544825
https://www.moore-czech.cz/petina-firem-zmenila-strukturu-podnikani-vice-nez-polovina-neni-pripravena-na-dopady-do-danoveho-priznani/,Pětina firem změnila strukturu podnikání. Více než polovina není připravena na dopady do daňového přiznání,2026-04-07T15:05:20+00:00,2026-04-14T09:33:41+00:00,Eliška Jodasová,Tisková zpráva,"Každá pátá společnost v Česku prošla v roce 2025 významnou změnou – rozšířila podnikání do zahraničí, změnila strukturu nebo právní formu společnosti. Exkluzivní průzkum mezi 525 firmami ukazuje, že 40 % z nich tyto změny pro účely daňového přiznání zatím neřeší. A dalších 14 % dokonce neví, jak mají tyto změny promítnout do daňového přiznání. […]",https://www.moore-czech.cz/wp-content/uploads/sites/3/2026/04/shutterstock_2643879351.jpg,5 minut,"Sdílet
Link copied
Autor
Eliška Jodasová
Introduction
Každá pátá společnost v Česku prošla v roce 2025 významnou změnou – rozšířila podnikání do zahraničí, změnila strukturu nebo právní formu společnosti. Exkluzivní průzkum mezi 525 firmami ukazuje, že 40 % z nich tyto změny pro účely daňového přiznání zatím neřeší. A dalších 14 % dokonce neví, jak mají tyto změny promítnout do daňového přiznání. Právě tyto společnosti teprve začínají zjišťovat, že musí hledat pomoc s podáním daňového přiznání. To je po změně struktury podnikání mnohem náročnější a se současnými kapacitami nejsou schopni jej podat. Průzkum provedla společnost Ipsos pro poradenskou skupinu Moore Czech Republic
[1]
.
České firmy se adaptují na měnící se podmínky – rozvíjejí se za hranice, mění strukturu nebo přehodnocují náplň svého podnikání. Průzkum Moore Czech Republic realizovaný na vzorku 525 respondentů (manažeřů a vedoucích pracovníků firem) zjištoval, jak jsou tyto změny reflektovány v přípravě daňových přiznání za rok 2025. Výsledky odhalují znepokojivou mezeru mezi tím, co ve podnicích skutečně probíhá, a tím, co společnosti promítají do své daňové přípravy.
Pětina firem zažila významnou změnu – většina ji daňově řeší příliš pozdě
Celých 20 % dotazovaných respondentů uvedlo, že v roce 2025 prošlo alespoň jednou podstatnou změnou, která může mít dopad na zpracování nebo podání daňového přiznání. Nejvíce zastoupenou změnou byla změna struktury firmy, kterou prošel každý jedenáctý podnik. Přibližně každá dvacátá společnost provedla rozšíření podnikání mimo Českou republiku a přibližně 6 % prošlo jinou změnou, například právního statusu, který může mít dopad na rozsah daňového přiznání.
Změna struktury znamená složitější daňové přiznání – účetní kapacity často nestačí
Strukturní změny většinou znamenájí podstatně náročnější daňové přiznání, například při rozšíření do zahraničí, převzetí jiné společnosti nebo změně právní formy vstupují do hry mezinárodní daňové povinnosti, převodové ceny či jiné složité režimy.
„Každá významnější změna struktury podnikání si vyžaduje i podstatně složitější přípravu daňového přiznání. Problém je, že běžná účetní kapacita už často tak složité agendě nestačí, protože změny v podniku přinesly nové daňové situace, které vyžadují specializované poradenství. Firmy si tak často uvědomí, že potřebují spolupracovat s daňovými odborníky –
a bohužel to často zjišťují příliš pozdě, až při přípravě samotného daňového přiznání,“
říká Marcela Hrdá, partnerka poradenské skupiny Moore Czech Republic.
14 % firem, které prošly změnou struktury neví, jak má nyní postupovat
Průzkum dále zjišťoval, jak jsou podniky na tuto situaci připraveny. Zatímco 40 % dotazujících důsledky změn vůbec neřeší a dalších 14 % ani neví, jakým způsobem mají změny uchopit. To znamená, že více než polovina firem, které relevantní změnu zažily, došla do letošního daňového období bez toho, aby situaci s odborníky prokonzultovala. Navíc 21 % těchto společností připouští, že bude muset změnit daňového poradce nebo účetní společnost – a dalších 11 % to ještě neví.
Čtvrtina firem neví o možnosti podat přiznání až v říjnu
Podniky, které z relevantních důvodů nestihnou podat daňové přiznání v řádném termínu, mají možnost požádat správce daně o odklad podání přiznání. Ten může povolit podat daňové přiznání v pozdějším termínu, např. až do konce září. V těchto případech se doporučuje, aby se podnik obrátil s přípravou žádosti i přiznání na  daňového poradce, který vezme v potaz veškeré aspekty změn, kterými podnik prochází. Průzkum odhalil že 1 ze 4 firem o této možnosti vůbec neví, a dalších 22 % o ní jen povrchně slyšelo.
„Pokud je firma při přípravě daňového přiznání zastoupena daňovým poradcem, může přiznání podat až do 30. června. V odůvodněných případech může správce daně na základě řádně odůvodněné žádosti doložené relevantními podklady povolit prodloužení lhůty i po tomto datu. Přestože tuto možnost mají všechny firmy, téměř čtvrtina z nich o ní neví. Firmám pak hrozí sankce za pozdní podání i úroky z prodlení, kterým lze předejít,“
vysvětluje Jiří Kappel, vedoucí daňového oddělení Moore Accounting CZ.
O skupině MOORE Czech Republic
Poradensko-auditní a technologická skupina MOORE Czech Republic poskytuje svým klientům široké portfolio aktivit v 6 divizích – MOORE Advisory, MOORE Accounting, MOORE Audit, Moore Appraisal, MOORE Academy, MOORE Technology a MOORE Legal. MOORE Czech Republic působí na trhu od roku 2011 a od roku 2020 je součástí nadstátní sítě MOORE Global. MOORE Czech Republic zaměstnává přes 330 specialistů a působí v 9 místech České republiky a na Slovensku.
Předností skupiny MOORE Czech Republic je schopnost propojovat oblast odborného poradenství s přímou realizací činností a projektů v praxi, čímž přilákala do svého portfolia nejen korporátní klienty, ale také kombinaci středně velkých společností a aktuálně se rychle rozvíjejících start-upů. Více informací o skupině MOORE Czech Republic naleznete na www.moore-czech.cz.
O MOORE Global
MOORE Global je jedna z největších mezinárodních sítí auditorských a poradenských společností s více než 37 000 pracovníky v 234 nezávislých firmách a 116 zemích. Renomovaná síť odborně zaměřených firem se jménem MOORE ve svém názvu vznikla již v roce 1907 a v roce 2024 dosáhla obratu 5,1 mld USD. Více podrobných informací je možné nalézt na internetové adrese www.moore-global.com.
[1]
Březen, 2026. Průzkum mezi 525 respondenty provedla společnost Ipsos prostřednictví nástroje Instant Research",2026-06-17T15:34:18.500974
https://www.moore-czech.cz/zeny-i-muzi-se-shoduji-vice-zen-ve-vedeni-by-firmam-prospelo-starsi-generace-nesouhlasi/,Ženy i muži se shodují: více žen ve vedení by firmám prospělo. Starší generace nesouhlasí,2026-03-11T12:21:59+00:00,2026-03-11T12:22:42+00:00,marekhrotek,Tisková zpráva,"Ženy i muži se shodují: více žen ve vedení by firmám prospělo. Starší generace nesouhlasí Na rovnosti v odměňování se ženy a muži neshodnou. Problém nevidí téměř 9 z 10 mužů, diskriminaci vnímá dvě třetiny žen Mezi lidmi do 35 let se 88 % respondentů domnívá, že vyšší zastoupení žen ve vedení by bylo pro […]",https://www.moore-czech.cz/wp-content/uploads/sites/3/2024/12/shutterstock_2605496977-1-1024x683.jpg,4 minuty,"Sdílet
Link copied
Autor
Ondřej Hubatka
Introduction
Ženy i muži se shodují: více žen ve vedení by firmám prospělo. Starší generace nesouhlasí
Na rovnosti v odměňování se ženy a muži neshodnou. Problém nevidí téměř 9 z 10 mužů, diskriminaci vnímá dvě třetiny žen
Mezi lidmi do 35 let se 88 % respondentů domnívá, že vyšší zastoupení žen ve vedení by bylo pro fungování firmy přínosné. Ve věku 54–65 let tento názor sdílí pouze 21 % dotázaných. Dvě třetiny starších jsou navíc přesvědčeny, že vyšší zastoupení žen ve vedení by fungování firmy nijak neprospělo. Data naznačují, že vnímání rovnosti šancí se výrazně liší podle pohlaví i věku. Nejvýrazněji to vnímají ženy ve věku 27–35 let. Právě u kariérního postupu má zhruba každá pátá žena pocit, že musí vynaložit větší úsilí než muži a v případě odměňování se 2 ze 3 žen cítí diskriminované. Závěry vyplývají z exkluzivního průzkumu společnosti Ipsos pro poradenskou skupinu Moore Czech Republic.
„Mladší generace vnímá pestřejší vedení jako standard a zajímá ji, zda firma jedná férově. Firmy, které dávají lidem stejné šance růst bez ohledu na pohlaví, mají výhodu – v náročnějších obdobích si snáz udrží talentované zaměstnance,“
říká Marcela Hrdá, partnerka poradenské skupiny Moore Czech Republic.
Rovné šance na kariérní postup? Propast v pohledu mužů a žen
V otázce rovnosti šancí na kariérní postup se názor mužů a žen výrazně rozchází. Že muži a ženy ve firmě nemají stejné příležitosti k postupu si myslí zhruba každá třetí žena. Zatímco mezi muži tento problém připouští jen přibližně každý osmý (12 %). U lidí do 35 let je navíc o férové rovnosti šancí přesvědčeno jen 40 % respondentů.
„Pocit nerovnosti často pramení z neochoty firem nabídnout ženám s rodinami větší flexibilitu. A to i u kancelářských pozic, kde praktické překážky většinou nejsou. Pozitivní výjimkou se jeví společnosti v oblastech jako poradenství, účetnictví nebo daně. Je to hlavně o nastavení vedení,“
doplňuje Lucie Hauk, Recruitment manažerka Moore Czech Republic.
Finanční ohodnocení: nůžky se rozevírají, tlak na transparentnost poroste
Největší rozdíly se ukazují v oblasti odměňování. Zatímco 86 % mužských respondentů se přiklání k názoru, že rozdíly v odměňování v jejich firmě neexistují, u žen je tento podíl zhruba o třetinu nižší. Dvě třetiny žen uvádějí, že nemají stejné příležitosti k férovému finančnímu ohodnocení; u mužů s tím souhlasí jen 14 %.
„Česko patří dlouhodobě k zemím s nejvyššími rozdíly v odměňování žen a mužů. V roce 2022 činil gender pay gap 18 % a byl třetí nejvyšší v EU. Firmy ale  budou pod větším tlakem toto řešit i kvůli novým reportovacím povinnostem jako je ESG. Zde se dostávají i metriky odměňování včetně rozdílu mezi ženami a muži. Tlak posílí i červnový převod evropské směrnice o transparentnosti odměňování, kdy bude mzdové rozpětí potřeba komunikovat už u náboru a lidé snáz zjistí, jak vypadá odměňování na srovnatelných pozicích,“
uzavírá Marcela Hrdá.",2026-06-17T15:34:21.436321
https://www.moore-czech.cz/private-equity-vstupuje-do-poradenskych-firem-generacni-vymena-a-ai-urychluji-konsolidaci-trhu/,Private equity vstupuje do poradenských firem – generační výměna a AI urychlují konsolidaci trhu,2026-03-02T09:52:39+00:00,2026-03-02T09:52:42+00:00,Eliška Jodasová,Tisková zpráva,"Finanční investoři v Evropě i v Česku zvyšují zájem o účetní, daňové i auditorské firmy. Láká je zejména stabilní, opakující se byznys – například outsourcing účetnictví, který vytváří prostor pro rychlé zefektivnění díky digitalizaci a využití AI. Aktuálním příkladem je vstup skupiny Cinven do Grant Thornton Czech Republic. Zároveň se na trhu otevírají příležitosti díky […]",https://www.moore-czech.cz/wp-content/uploads/sites/3/2026/03/shutterstock_2720046881.jpg,4 minuty,"Sdílet
Link copied
Autor
Eliška Jodasová
Introduction
Finanční investoři v Evropě i v Česku zvyšují zájem o účetní, daňové i auditorské firmy. Láká je zejména stabilní, opakující se byznys – například outsourcing účetnictví, který vytváří prostor pro rychlé zefektivnění díky digitalizaci a využití AI. Aktuálním příkladem je vstup skupiny Cinven do Grant Thornton Czech Republic. Zároveň se na trhu otevírají příležitosti díky generační výměně u řady zakladatelů menších a středně velkých kanceláří.
V rámci zemí střední a východní Evropy se budou investice private equity během příštích tří let pohybovat na úrovni miliard korun.
Konsolidace se bude týkat desítek českých firem
Podle skupiny Moore Czech Republic se v regionu střední a východní Evropy rozbíhá vlna investic do poradenských a souvisejících služeb, která se v příštích letech promítne do výraznějšího přeskupování na trhu. Největší pozornost investorů míří do Polska. Aktivita ale roste i v Maďarsku a dalších zemích regionu. V Česku lze očekávat, že se konsolidace trhu bude týkat řádově desítek malých a středně velkých firem. Celý český trh poradenských služeb je dnes silně fragmentovaný a dosahuje hodnoty nižších až středních desítek miliard korun.
U menších firem rozhoduje i způsob řešení nástupnictví
V konzultačních službách se zároveň vyjasňuje cenová hladina transakcí. „
Velké firmy, které jsou součástí mezinárodních profesionálních organizací, se prodávají obvykle na bázi multiplikátoru 8-10násobku EBITDA,“
říká Petr Kymlička, partner skupiny Moore Czech Republic Výslednou cenu ovlivňuje zejména poměr mezi opakovanými a projektovými službami a také míra zapojení původních partnerů. U menších společností se multiplikátor pohybuje jen kolem 5-6násobku EBITDA, přičemž vedle ceny často rozhoduje i způsob řešení nástupnictví a kontinuita pro klienty i tým.
Akviziční apetit mají také čeští investoři
Trend se neomezuje na jeden trh ani na jednoho hráče. „
Cinven tak zdaleka není jedinou private equity skupinou, která se touto oblastí zabývá. Za jednoho z průkopníků lze považovat jiného mezinárodního investora, společnost Waterland, která v minulých letech vstoupila do několika velkých členských firem Moore Global v západní Evropě a pomohla jim díky poskytnutí finančních zdrojů k rychlému akvizičnímu i organickému růstu
,“ doplňuje Kymlička. Na českém trhu se současně objevují i lokální investiční příběhy – například vstup ARX Equity do společnosti PROXY s cílem posílit nákupní aktivitu v účetnictví a daních.
Generační výměna hýbe trhem poradenských služeb
Důležitým motorem současné akviziční vlny je generační výměna. „
Ke konsolidaci je dnes na trhu příznivá situace, kdy se mnoho
‘
otců zakladatelů‘ blíží do důchodového věku a rozhlíží se po nástupcích
,“ vysvětluje Kymlička. Zároveň upozorňuje, že u konzultačních firem stojí úspěch podobných vstupů na správném nastavení rolí a motivací lidí: „
Klíčem k úspěšné akvizici je správně nastavená spolupráce s původními partnery, protože poradenství obecně je silně založené na konkrétních osobách, jejich vztazích a motivaci
.“
Konsolidace přináší i rizika
Moore Czech Republic zároveň upozorňuje i na dlouhodobá rizika vstupu finančních investorů do těchto služeb.
„Riziko spočívá právě v samotné povaze podnikání private equity. Co například zabrání finančnímu investorovi, aby své podíly v několika firmách, zapojených do jednoho mezinárodního řetězce, neprodal po čase do řetězce konkurenčního?“
říká Kymlička. Podle něj jde o změnu, která může v čase proměnit fungování poradenských sítí i konkurenční dynamiku: „
Vstup private equity do účetních, daňových a auditorských firem je ‚game changer‘ v globálním měřítku a jeho důsledky zatím nelze v plné míře předjímat
.“",2026-06-17T15:34:24.398652
https://www.moore-czech.cz/zhodnoceni-8-10-rocne-investicni-vina-posiluji-ceske-limitovane-edice-miri-i-do-exotickych-zemi/,"Zhodnocení 8–10 % ročně. Investiční vína posilují, české limitované edice míří i do exotických zemí",2026-02-26T12:14:42+00:00,2026-02-26T12:14:44+00:00,Eliška Jodasová,Tisková zpráva,"Přední světové indexy kvalitního vína dosahovaly v posledních 15 letech průměrného ročního zhodnocení 8–10 %, při nižší volatilitě než akciové trhy a minimální vazbě na dluhopisy. Investiční víno tak představuje alternativní nástroj diverzifikace portfolia. Rostoucí globální investiční zájem se promítá i do Česka, kde vznikají specializované investiční edice lahví určené mimo jiné pro asijskou klientelu. Celková […]",https://www.moore-czech.cz/wp-content/uploads/sites/3/2026/02/ilustrace_investicni_vino-1024x768.png,4 minuty,"Sdílet
Link copied
Autor
Eliška Jodasová
Introduction
Přední světové indexy kvalitního vína dosahovaly v posledních 15 letech průměrného ročního zhodnocení 8–10 %, při nižší volatilitě než akciové trhy a minimální vazbě na dluhopisy. Investiční víno tak představuje alternativní nástroj diverzifikace portfolia. Rostoucí globální investiční zájem se promítá i do Česka, kde vznikají specializované investiční edice lahví určené mimo jiné pro asijskou klientelu. Celková spotřeba vína přitom v řadě trhů klesá až na 60letá minima, sílí tzv. premiumizace – část zákazníků kupuje méně, zato dražší a kvalitnější vína, což podporuje výkon prémiového segmentu.
Spotřeba vína klesá, ale daří se prémiovému segmentu
Globální trh s vínem prochází zásadní transformací, která otevírá nové strategické příležitosti. Přestože celosvětová spotřeba podle Moore Global Wine Report
1
v roce 2024 klesla na své 60leté minimum 214,2 milionu hektolitrů, celková hodnota trhu má do roku 2027 vzrůst o 18,9 % na 412,9 miliardy USD. Z pohledu investorů přitom není klíčový celkový objem spotřeby, ale výkon prémiového segmentu, kde cenu určuje vzácnost a reputace producenta.
„Tento zdánlivý paradox vysvětluje trend tak zvané premiumizace. Spotřebitelé vědomě volí kvalitu před kvantitou a vyhledávají exkluzivní vína s jasným příběhem, bio původem a řemeslným zpracováním,“
říká Petr Kymlička, partner poradenské skupiny Moore Czech Republic.
„Pro investory se tak těžiště trhu přesouvá od objemu k produktům s vysokou marží. Pomáhají tomu i technologie, například blockchain pro omezení padělků, nebo precizní zemědělství. To posiluje důvěru a dlouhodobý potenciál zhodnocení sektoru,“
dodává.
Zájem se přitom neomezuje pouze na tradiční evropské regiony, jako jsou Bordeaux a Burgundsko. Studie upozorňuje na rostoucí význam nových trhů a vinařských oblastí, které rozšiřují investiční možnosti o další styly i cenové segmenty.
Alternativní aktiva: diverzifikace mimo tradiční trhy
Vedle tradičních nástrojů, jako jsou akcie, nemovitosti či zlato, roste význam alternativních aktiv. Patří mezi ně limitované edice zlatých a stříbrných mincí, veteráni či luxusní alkohol. Investiční víno se v tomto kontextu profiluje jako segment s omezenou nabídkou, globální poptávkou a historicky stabilní výkonností vybraných indexů.  Hodnotu investičního vína neurčuje jen stáří lahve, ale hlavně kvalita ročníku, reputace producenta, původ hroznů, objem produkce a způsob archivace.
„Investiční víno je dlouhodobé aktivum s nižší likviditou. Nejde o nástroj pro rychlé spekulace, ale o strategickou diverzifikaci portfolia. Klíčový je správný výběr producenta, kvalita ročníku a způsob skladování. Stejně jako u jiných investic zde nelze výnos garantovat, a proto hraje zásadní roli odborné zázemí a trpělivost investora,“
vysvětluje Petr Kymlička, partner poradenské skupiny Moore Czech Republic
.
[1]
Investice a záliba v jednom
Zájem o kvalitní víno a dovoz investičních vín může kromě samotné investice představovat i přesah do netradičních sekundárních byznysů. S růstem segmentu se rozvíjejí i související služby, například archivace, poradenství nebo privátní degustace. Rostoucí zahraniční poptávku potvrzuje také Jiří Kabelka, majitel společnosti Mansako, který je spolumajitelem vinařství Bzenia:
„Víno je především otázkou původu a způsobu výroby. Pracujeme bez přidaných ušlechtilých kvasinek a stavíme na tom, co si hrozny vína přinesou z vinice. Vedle prémiových vín připravujeme také limitované edice pro zahraniční klienty, často z exotických zemí. Tyto série jsou založeny na omezeném počtu lahví a důrazu na autenticitu, nabízíme také adopce sudu na dálku. Součástí nabídky jsou i samotná investiční vína, jejichž ročníky sahají až do druhé poloviny 20. století,“
říká Jiří Kabelka, majitel vinařství Bzenia.
Podle Moore Czech Republic bude segment investičních vín nadále těžit z posunu trhu směrem k prémiovým a limitovaným kategoriím a z rostoucí mezinárodní poptávky. Pro investory zůstává klíčové správné vyhodnocení rizik, kvality konkrétního vína a dlouhodobého investičního horizontu.
„
Alternativní aktiva mohou dávat smysl jako součást diverzifikace, ale pouze při důkladném posouzení a realistickém očekávání výnosu
,“ doplňuje Petr Kymlička z Moore Czech Republic.
[1]
url:
Moore Global Wine Report",2026-06-17T15:34:27.369737
https://www.moore-czech.cz/vymena-baterie-bude-samozrejmost-ne-duvod-k-vyhozeni-spotrebice/,"Výměna baterie bude samozřejmost, ne důvod k vyhození spotřebiče",2026-02-18T12:29:24+00:00,2026-02-18T12:35:32+00:00,Eliška Jodasová,Tisková zpráva,"Evropská unie už za rok, konkrétně od 18. února 2027, zásadně změní pravidla pro baterie v elektronice. Nařízení zavádí požadavek na snadnou vyměnitelnost baterií koncovým uživatelem nebo nezávislým odborníkem. Cíl je jednoduchý: když přestane fungovat baterie, nemá to znamenat konec celého zařízení. Změna se dotkne nově uváděných spotřebičů a promítne se nejen do jejich konstrukce, […]",https://www.moore-czech.cz/wp-content/uploads/sites/3/2026/02/tungart7-circuit-board-8656640_1920.jpg,7 minut,"Sdílet
Link copied
Autor
Eliška Jodasová
Introduction
Evropská unie už za rok, konkrétně od 18. února 2027, zásadně změní pravidla pro baterie v elektronice. Nařízení zavádí požadavek na snadnou vyměnitelnost baterií koncovým uživatelem nebo nezávislým odborníkem. Cíl
je jednoduchý: když přestane fungovat baterie, nemá to znamenat konec celého zařízení. Změna se dotkne nově uváděných spotřebičů a promítne se nejen do jejich konstrukce, ale také do ekonomiky výroby. To může ovlivnit jejich pořizovací cenu.
Nařízení (EU) 2023/1542 o bateriích zavádí jednotná pravidla pro celý životní cyklus baterií – od výroby až po recyklaci, včetně zavedení tzv. digitálního pasu baterie a označování baterií QR štítkem. Nařízení se týká široké škály spotřební elektroniky a jejím cílem je prodloužit životnost výrobků, snížit množství elektroodpadu a zvýšit využívání recyklovaných materiálů z baterií a elektroodpadu při výrobě nových baterií. Zároveň ale zvyšuje nároky na výrobce v oblasti konstrukce a servisu.
Když baterie rozhoduje o životnosti spotřebiče
Výměna baterie se dnes netýká jen mobilních telefonů nebo notebooků. Dobíjecí akumulátory jsou běžnou součástí domácnosti – od tyčových a robotických vysavačů přes drobné kuchyňské spotřebiče až po zařízení osobní péče. Právě u těchto produktů baterie často rozhoduje o tom, jak dlouho bude výrobek skutečně sloužit.
Například u tyčových a robotických vysavačů se životnost baterie pohybuje v řádu několika let, zatímco motor nebo konstrukce vydrží výrazně déle. U spotřebičů značky Sencor je na motory běžně poskytována záruka 10 let, zatímco na baterie platí standardní dvouletá záruka na jejich kapacitu.
„Pro zákazníka je frustrující, když přístroj funguje, ale kvůli baterii ho musí odložit nebo složitě řešit servis. Právě tady dává opravitelnost skutečný smysl,“
vysvětluje Martin Štancl, produktový manažer značky Sencor.
Pro Sencor není téma výměny baterií nové. Už dnes značka u řady akumulátorových produktů počítá s tím, že baterie jsou spotřebním dílem a jejich výměna je řešitelná prostřednictvím autorizovaného servisu, v některých případech i samotným uživatelem.
Vysoké nároky na výrobce bude mít dopad do konečné ceny
Zatímco pro zákazníky je cíl regulace srozumitelný, pro výrobce znamená zásadní změnu v plánování vývoje, výrobě i dlouhodobé zákaznické podpoře spotřebičů. Regulace prodlužuje životní cyklus produktů a vyžaduje, aby firmy už při jejich uvedení na trh počítaly s dostupností náhradních dílů, servisními kapacitami i zajištěním podpory jednotlivých modelů v delším časovém horizontu.
„Tyto změny se přirozeně promítnou do nákladové struktury výrobců a mohou ovlivnit i konečné ceny spotřební elektroniky. Firmy budou muset mnohem přesněji plánovat, jak dlouho budou jednotlivé modely podporovat, v jakém objemu držet náhradní díly a jaké servisní kapacity k nim zajistit. Regulace posiluje dlouhodobý přístup k výrobkům, ale zároveň klade vyšší nároky na finanční a provozní plánování,“
říká Miloslav Rut, partner poradenské skupiny Moore Czech Republic, a dodává:
„Dopad na ceny však nebude u všech kategorií stejný. U vysoce konkurenčních segmentů, jako jsou sluchátka nebo přenosné reproduktory, lze očekávat, že výrobci zvýšené náklady spíše absorbují a promítnou je do svých marží, aby zůstali cenově konkurenceschopní. Mírné zdražení je naopak pravděpodobnější u méně exponovaných kategorií, kde je cenová citlivost trhu nižší.“
Vedle ekonomických dopadů se nařízení výrazně promítá také do vývoje výrobků a do vnitřního fungování firem.
„Nová regulace nepředstavuje dílčí technickou úpravu, ale komplexní zásah do konstrukčního návrhu, procesů posuzování shody i interního řízení kvality. Výrobci musí zvládnout vývoj nových konstrukčních řešení, absolvovat rozšířené testování bezpečnosti a funkční shody, aktualizovat technickou dokumentaci a nastavit interní procesy tak, aby dlouhodobě plnily regulatorní požadavky v celém životním cyklu výrobku. Subjekty, které s přípravou na tyto změny nezačaly v dostatečném předstihu, mohou mít s ohledem na účinnost požadavků od roku 2027 významný implementační deficit,“
upozorňuje Luboš Cinek, expert značky Sencor na oblast regulací.
Časový rámec nové regulace navíc podle odborníků neponechává prostor pro výraznější odklady.
„Evropská legislativa někdy dává členským státům flexibilitu v implementaci, výrobci se pak například mohou spolehnout na přechodná období. V tomto případě to tak ale není. Aby byly zajištěné rovné podmínky na trhu, nařízení má pevně daný harmonogram a výrobci s ním musí pracovat v podobě, v jaké se na ni členské státy a europoslanci dohodli. Zároveň je potřeba počítat s tím, že v případě nesplnění požadavků mohou následovat sankce,“
upozorňuje Viktor Daněk, zástupce ředitele Institutu pro evropskou politiku Europeum.
Podpora cirkulární ekonomiky a zavedení digitálního pasu
Součástí nové regulace je zároveň zavedení tzv. digitálního pasu baterie, který má shromažďovat informace o jejím složení, původu, uhlíkové stopě i možnostech oprav a recyklace. Prostřednictvím QR kódu pak bude možné tyto informace snadno zjistit.
„Smyslem tohoto nástroje je zvýšit transparentnost v celém životním cyklu výrobku a podpořit přechod k cirkulární ekonomice a tedy i rozšíření možností druhotného využití významných surovin, kde se s bateriemi i elektronikou počítá jako s dlouhodobými zdroji, nikoli jako s jednorázovým zbožím,“
dodává Daněk.
Volba místo vyhazování
Z pohledu uživatelů by měly být změny v konečném důsledku pozitivní. Delší životnost spotřebičů, menší tlak na nákup nového zařízení a větší kontrola nad tím, kdy a jak se elektronika opravuje. Zároveň ale platí, že u většiny přístrojů nebude výměna baterie čistě „domácí“ záležitostí – u technicky složitějších zařízení zůstane servisní řešení nejbezpečnější variantou.
„Smyslem regulace není přenést odpovědnost na zákazníky, ale dát jim možnost volby. Někde si baterii vymění sami, jinde využijí servis. Důležité je, aby kvůli baterii nekončil celý výrobek,“
shrnuje Martin Štancl, produktový manažer značky Sencor.
Elektropadu je každým rokem víc a víc
Elektroodpad patří dle dat Eurostatu k nejrychleji rostoucím druhům odpadu v Evropě i v Česku a bateriová zařízení na tom mají čím dál větší podíl. V roce 2023 se v EU sebralo v průměru 11,6 kg elektroodpadu na obyvatele, přičemž méně než polovina vyřazených zařízení je skutečně recyklována.
Česká republika si v tomto srovnání vede nadprůměrně – jen v roce 2023 se u nás zrecyklovalo 171 790 tun elektroodpadu, což představuje meziroční nárůst o 11 %. Přesto se v celé EU k recyklaci dostává jen asi 49 % přenosných baterií, přičemž cílem nové regulace je zvýšit tento podíl na 63 % do roku 2027 a 73 % do roku 2030; některé státy, například Belgie, už dnes dosahují sběru přes 60 %. Česko je dle dat ČSU na unijním průměru.
Zdroje dat:
Eurostat: Waste statistics – recycling of batteries and accumulators
Evropský parlament:
Nová pravidla EU pro udržitelnější a etické baterie | Témata | Evropský parlament
ČSU – Statistika & my:
V bateriích plníme evropské cíle | Statistika a my
Značka SENCOR je synonymem pro spolehlivou spotřební elektroniku, která do každé domácnosti přináší nejen praktické spotřebiče, ale i chytré pomocníky, kteří překvapí svými schopnostmi a zpříjemní každodenní život. Všechny spotřebiče vynikají vyváženým poměrem mezi atraktivní cenou, kvalitou, moderními technologiemi a designem.
SENCOR je globálně rostoucí značkou, která působí v 60 zemích světa. Její historie sahá až do roku 1969, kdy byla založena v Japonsku. V devadesátých letech přešla pod evropské vedení a doma je v Praze, kde sídlí i vývojové centrum se špičkovými odborníky, kteří pracují na vývoji spotřebičů a jejich designu.
www.sencor.cz",2026-06-17T15:34:30.391370
https://www.moore-czech.cz/znovuzavedeni-modernizovane-eet-je-krok-spravnym-smerem-zruseni-systemu-byla-promarnena-prilezitost/,Znovuzavedení modernizované EET je krok správným směrem. Zrušení systému byla promarněná příležitost,2026-01-27T14:51:12+00:00,2026-02-11T14:56:39+00:00,Eliška Jodasová,Tisková zpráva,"V Česku se opět otevírá debata o návratu elektronické evidence tržeb (EET) v modernizované podobě. Po třech letech od zrušení tohoto klíčového nástroje digitalizace, transparentnosti a férového podnikatelského prostředí se ukazuje, že tento krok byl chybou, která státu i podnikatelům přinesla zbytečné ztráty a rizika. EET přitom mohlo být zachováno alespoň v dobrovolném režimu, píše ve svém komentáři Miloslav Rut, partner Moore Technology CZ.  Uplynuly tři roky od zrušení elektronické evidence tržeb a téma se znovu […]",https://www.moore-czech.cz/wp-content/uploads/sites/3/2026/02/shutterstock_2304841803-3.jpg,3 minuty,"Sdílet
Link copied
Autor
Eliška Jodasová
Introduction
V Česku se opět otevírá debata o návratu elektronické evidence tržeb (EET) v modernizované podobě. Po třech letech od zrušení tohoto klíčového nástroje digitalizace, transparentnosti a férového podnikatelského prostředí se ukazuje, že tento krok byl chybou, která státu i podnikatelům přinesla zbytečné ztráty a rizika. EET přitom mohlo být zachováno alespoň v dobrovolném režimu, píše ve svém komentáři Miloslav Rut, partner Moore Technology CZ.
Uplynuly tři roky od zrušení elektronické evidence tržeb a téma se znovu vrací do veřejného prostoru. Hnutí ANO otevřelo debatu o jejím obnovení v modernizované podobě označované jako EET 2.0., s příslibem jejího spuštěním od ledna 2027. Podle dostupných návrhů by měl být nový systém technologicky jednodušší – EET 2.0 by měla fungovat prostřednictvím jednoduché bezplatné mobilní aplikace, bez povinnosti tisknout účtenky a s nižšími nároky na datové připojení, aby bylo možné systém využívat i v místech se slabým nebo nestabilní internetovým signálem, například v horských oblastech.
Proč bylo zrušení EET krokem zpět
Zrušením EET stát přišel o moderní nástroj pro sledování ekonomických toků a efektivnější výběr daní, navíc se tím znehodnotily nemalé investice, které do systému vložili podnikatelé i veřejný sektor. EET přitom zvyšovala transparentnost podnikání a narovnávala konkurenční prostředí. Hned po vypnutí systému se tak objevily signály o návratu k neevidovaným hotovostním tržbám i možném růstu šedé ekonomiky.
Výrazně se tím zkomplikovala také možnost pracovat s reálnými daty o tržbách, která mohla v budoucnu sloužit pro rychlé a cílené kompenzace nebo jiné formy státní podpory v krizových situacích.
Namísto úplného zrušení přitom existovala rozumnější cesta. Ponechání systému v dobrovolném režimu by nepřerušilo rozvoj digitalizace a automatizace procesů, které mohly dále snižovat byrokratickou zátěž a zvyšovat efektivitu veřejné správy. Současně mohl stát systém zjednodušovat, technicky vylepšovat a více jej propojit s dalšími digitálními nástroji.
Příležitost, která se nesmí promarnit
EET se nyní dostává do popředí diskusí zejména v souvislosti s potřebou moderních digitálních nástrojů státu a rostoucími požadavky některých profesních skupin, například hoteliérů a restauratérů, kteří dlouhodobě upozorňují na neférovou konkurenci a šedou ekonomiku v hotovostních provozech. Na stole je tak možnost nastavit jednoduchý, intuitivní systém, který podpoří férové podnikání a omezí obcházení pravidel. Transparentní evidence tržeb by v delším horizontu mohla přispět k vytváření prostoru pro snižování daňové zátěže a ke zlepšování podnikatelského prostředí jako celku.
Důležitým principem by nicméně měla být i motivace podnikatelů ze strany státu, například formou daňových slev pro evidující OSVČ či osvobození spropitného. Takto pojatá modernizace odpovídá současným technologickým možnostem i očekáváním podnikatelské veřejnosti.
Ačkoliv se v probíhající debatě objevují rozdílné postoje, dobře navržená EET 2.0 může přinést vyšší transparentnost ekonomiky, účinnější omezení šedé ekonomiky a kvalitnější data pro stát i samotné firmy. Pokud tedy bude systém navržen uživatelsky přívětivě a s důrazem na motivaci namísto sankcí, může se stát důležitým pilířem moderního, férového a konkurenceschopného podnikatelského prostředí v České republice.
Autorem komentáře je Miloslav Rut, partner ve společnosti Moore Technology CZ",2026-06-17T15:34:33.205422
https://www.moore-czech.cz/zmeny-v-reportovani-esg/,Změny v reportování ESG. Firmy nejčastěji narážejí na slabou metodiku a sběr dat,2026-01-26T20:31:43+00:00,2026-02-11T15:22:48+00:00,marekhrotek,Tisková zpráva,"Evropská regulace v oblasti ESG vstoupila do nové fáze. Některé povinnosti jsou již platné, další se blíží a přinášejí nejen nové termíny, ale také úlevy a zpřesnění pravidel. Audity nefinančních přehledů zároveň opakovaně ukazují, že firmy nejvíce chybují v nastavení procesů, dokumentaci rozhodnutí a kvalitě dat – zejména u dvojí materiality a uhlíkové stopy. Evropský […]",https://www.moore-czech.cz/wp-content/uploads/sites/3/2026/01/zulfugar-karimov-twGKeiEwpYU-unsplash-scaled.jpg,5 minut,"Sdílet
Link copied
Autor
Kristýna Pavlačková
Introduction
Evropská regulace v oblasti ESG vstoupila do nové fáze. Některé povinnosti jsou již platné, další se blíží a přinášejí nejen nové termíny, ale také úlevy a zpřesnění pravidel. Audity nefinančních přehledů zároveň opakovaně ukazují, že firmy nejvíce chybují v nastavení procesů, dokumentaci rozhodnutí a kvalitě dat – zejména u dvojí materiality a uhlíkové stopy.
Evropský rámec pro udržitelnost prochází zásadní proměnou. První vlna podniků, která již dříve reportovala podle směrnice NFRD, v loňském roce poprvé zveřejnila reporty podle CSRD za účetní období 2024. Současně byly v průběhu loňského roku na úrovni EU schváleny zjednodušující úpravy v rámci balíčku Omnibus, jejichž cílem je snížit administrativní zátěž a usnadnit náběh nových povinností. Jejich součástí je i tzv. quick-fix delegovaný akt k ESRS, který rozšiřuje přechodné úlevy pro roky 2025 a 2026, zejména v oblasti hodnotového řetězce.
ESG regulace v pohybu: co už platí a co se blíží
Od letoška se budou uplatňovat změny v oblasti EU Taxonomie. Evropská komise přijala akt v přenesené pravomoci, který zavádí princip finanční významnosti a zjednodušuje povinné výkazové šablony
. „Společnosti tak nebudou muset detailně posuzovat taxonomickou způsobilost u aktivit, které jsou z hlediska obratu, investic nebo provozních výdajů nevýznamné.Do plné fáze vstoupil také CBAM – mechanismus uhlíkového vyrovnání na hranicích. Po přechodném období, kdy se pouze vykazovaly emise dováženého zboží, nyní dovozci vybraných komodit s vysokou uhlíkovou stopou nakupují a odevzdávají CBAM certifikáty, které fungují jako uhlíkové clo,”
říká Romana Zeman, Manager Moore Advisory.
Na sklonku roku 2025 byly navíc schváleny také změny nařízení o odlesňování (EUDR) s tím, že jejich účinnost se odkládá do konce letošního roku pro velké subjekty a do poloviny roku 2027 pro malé podniky. Současně se zužuje okruh povinných hospodářských subjektů, na které se bude vztahovat povinnost podávat příslušná prohlášení.
„Například povinnost podávat prohlášení o náležité péči se bude vztahovat jen na subjekty, které relevantní produkt uvádějí na trh EU poprvé. Upravená byla rovněž pravidla náležité péče podle CSDDD. Povinnosti se nově budou vztahovat pouze na firmy s více než 5 000 zaměstnanci a obratem nad 1,5 miliardy eur, a to od července 2029,“
vysvětluje Romana Zeman.
V plánu jsou odklady i zúžení povinností
Významné změny se dotknou i druhé a třetí vlny podniků
.
Konkrétně u druhé vlny byl schválen časový odklad povinnosti reportovat, který se posunul na rok 2028 s daty za účetní rok 2027. Zároveň se zásadně mění definice této skupiny a povinnost tak nyní dopadne pouze na podniky s více než 1 000 zaměstnanci a obratem nad 450 milionů eur, což výrazně snižuje počet dotčených společností. U třetí vlny, tedy malých a středních podniků, se pak povinnost váže až k finančnímu roku 2028 s publikací reportů v roce 2029.
Časté chyby? Auditní stopa i konzistentní metodika
Z pohledu auditu nefinančních informací se velmi často objevuje nedostatečná auditní stopa. Firmy sice deklarují, že určitá posouzení nebo rozhodnutí proběhla, ale chybí dohledatelná dokumentace, jako jsou zápisy ze schůzek, podkladové analýzy, interní metodiky nebo jasně definované schvalovací procesy.
Zásadní problémy se objevují také u principu dvojí materiality, kdy mají firmy posuzovat jak své dopady na životní prostředí a společnost, tak i finanční rizika a příležitosti plynoucí z udržitelnosti.
„Audity opakovaně narážejí na nekonzistentní nebo nedostatečně popsanou metodiku. Chybí jasné definice míry, rozsahu a pravděpodobnosti dopadů nebo časového horizontu. Mnohdy i transparentní popis zdrojů dat a vstupů, na jejichž základě byly dopady, rizika a příležitosti identifikovány, což snižuje srozumitelnost, porovnatelnost i auditovatelnost výsledků,“
popisuje Romana Zeman.
V oblasti uhlíkové stopy se pak často objevují chyby v přiřazování emisních faktorů, ať už z hlediska geografické relevance, technologického mixu nebo časové platnosti, což může vést k významnému zkreslení výsledků a tím nalomení důvěryhodnosti reportingu.
ESG není jednorázový výkaz
Firmy často podceňují sběr dat, nastavení procesů a přiměřenost interní kontroly. Ty, které uchopí ESG jako součást řízení firmy a rizik, nikoliv pouze jako regulatorní povinnost, budou přitom schopny reporting stabilizovat, lépe se připravit na budoucí zpřísnění ověřování a využít ESG data i pro strategická rozhodnutí.
„ESG reporting není jednorázový výkaz, ale dlouhodobý systém řízení dat, rizik a dopadů napříč celou organizací. Největší slabiny se objevují ve sběru dat, jasném rozdělení odpovědností a vnitřních kontrolních mechanismech. Pokud nejsou procesy dobře nastaveny, vzniká vysoké riziko nekonzistencí, chyb a neověřitelných informací, což se následně projeví při auditu. Pro firmy to pak představuje nejen zvýšené náklady a časový tlak, ale i reputační riziko,“
dodává Romana Zeman.",2026-06-17T15:34:36.566589
https://www.moore-czech.cz/cr-musi-zvysit-dynamiku-robotizace-jinak-ztrati-globalni-konkurenceschopnost/,"ČR musí zvýšit dynamiku robotizace, jinak ztratí globální konkurenceschopnost",2026-01-08T15:08:50+00:00,2026-02-11T15:17:12+00:00,Eliška Jodasová,Tisková zpráva,"Česká republika stojí na křižovatce. Patří mezi nejprůmyslovější země Evropy, ale v robotizaci – tedy zavádění moderních robotů a automatizačních technologií – zaostává za státy, které v posledním desetiletí dynamicky investují do modernizace výroby. Pokud Česko nezrychlí tempo automatizace, hrozí, že jeho ekonomika postupně ztratí konkurenceschopnost, zejména v odvětvích, kde dominují nízké marže a vysoký […]",https://www.moore-czech.cz/wp-content/uploads/sites/3/2026/02/shutterstock_2348057533-1.jpg,5 minut,"Sdílet
Link copied
Autor
Eliška Jodasová
Introduction
Česká republika stojí na křižovatce. Patří mezi nejprůmyslovější země Evropy, ale v robotizaci – tedy zavádění moderních robotů a automatizačních technologií – zaostává za státy, které v posledním desetiletí dynamicky investují do modernizace výroby. Pokud Česko nezrychlí tempo automatizace, hrozí, že jeho ekonomika postupně ztratí konkurenceschopnost, zejména v odvětvích, kde dominují nízké marže a vysoký tlak na produktivitu.
Český průmysl tvoří téměř třetinu HDP a je jedním z nejvíce závislých na lidské práci v celé EU. Současně však země čelí strukturálním problémům, jako je nedostatek pracovníků na trhu – firmy, zejména ve výrobě, dlouhodobě nenacházejí zaměstnance. Další potíží je pak stárnutí populace, které bude mít do budoucna za následek další pokles pracovní síly. Zároveň rostou mzdové náklady, což znamená, že levná práce již není konkurenční výhodou. A čím dál více se navíc objevuje tlak na kvalitu a flexibilitu výroby, která tak střídá tradiční model „levné, masové produkce“.
ČR na čtvrtinové úrovni proti Německu
Robotizace je nejen cestou ke zvýšení produktivity, ale i podmínkou udržení výroby v zemi. Bez ní budou firmy přesouvat provozy tam, kde je vyšší míra automatizace a stabilnější provozní náklady.
Robotizace v ČR je v porovnání s evropským lídrem Německem podle International Federation of Robotics na čtvrtinové úrovni (měřeno ukazatelem Robot Density) a na polovině průměru EU. Zatímco průměr EU je 219 robotů na 10 000 zaměstnanců v průmyslu, německý průměr dosahuje počtu 429 robotů na 10 000 zaměstnanců v průmyslu. Česko ale se 101 robotem na 10 000 zaměstnanců v průmyslu těžce zaostává. V porovnání se světovými lídry je pak rozdíl výrazně horší. Například Jižní Korea dosahuje v ukazateli Robot Density 1 012 robotů na 10 000 zaměstnanců v průmyslu, Singapur pak 770 robotů na 10 000 zaměstnanců v průmyslu.
Podniky musí vést, stát musí umožnit
Kritická role v robotizaci leží na privátním sektoru. Jsou to podniky, které rozhodují, zda investují do nových technologií, zda automatizují výrobu a zda budou připravovat své zaměstnance na práci s roboty. Bez jejich aktivity žádný posun nenastane.
Zároveň však platí, že stát musí vytvořit prostředí, ve kterém se investice do robotizace stanou pro firmy dostupné, jasné a ekonomicky výhodné. Nejrychleji rostoucí ekonomiky v robotizaci – Jižní Korea, Singapur, Čína, Německo, Dánsko a Švédsko – jasně ukazují, že soukromé investice nerostou samy od sebe, ale potřebují silnou podporu státu.
Pomoc státu? Finanční podpora i vzdělání
Stát může zásadně urychlit robotizaci prostřednictvím jednoduchých dotací na nákup robotů a automatizace. Výrazně pomoci mohou také daňové superodpočty na robotizaci a digitalizaci či podpora modelu Rob-as-a-Service. Možností by bylo také zvýhodnění úvěrů na automatizační projekty. Pokud mají totiž české firmy soupeřit s podniky v zemích, kde tyto nástroje existují, musí mít srovnatelné podmínky.
Robotizace ovšem není jen o strojích – je také o lidech, kteří s nimi pracují. A v Česku řada souvisejících profesí, například dostatek programátorů robotů, specialistů na automatizaci, operátorů schopných pracovat s pokročilou technikou apod., prostě chybí. Stát proto musí aktivně investovat a podporovat systém vzdělávání – a to jak prvotní, tak především tzv. celoživotní učení a rekvalifikace.
Vzdělávání dospělých v Česku pokulhává
V České republice pracuje více než 5 milionů lidí. Z toho přibližně polovinu tvoří generace ve věku 40-55 let, která bude na jedné straně tvořit páteř pracovní síly v české ekonomice následující dvě desetiletí, jenže na druhé straně u ní absentuje další vzdělávání. Což potvrzují nejen odezvy z pracovního trhu, ale také čísla.
Podle oficiálních statistik Eurostatu dlouhodobě patří Česko ve vzdělávání dospělých mezi nejhorší EU. Byť se v posledních letech tato oblast zlepšila, jde z pohledu státu spíše o „oportunistický přístup“.  Chronicky zde totiž chybí propracovaný systém celoživotního učení, který by byl dlouhodobě udržitelný (tj. měl by zajištěné dlouhodobé financování v horizontu několika let), všeobecně přijatelný a podporovaný současně ze strany zaměstnavatelů, zaměstnanců i státu.
Budoucí systém celoživotního učení musí být navíc postaven na moderním přístupu, který bude dostatečně flexibilní a adaptabilní, a bude tak reagovat na aktuální potřeby pracovního trhu. Současně musí být přístupný a atraktivní pro zaměstnance a zaměstnavatele. Ideálně by tak měl být systém tvořen formou modulárního vzdělávání, využívajícího online formy výuky, které bude finančně dostupné a zároveň vícezdrojově financované pomocí kombinace veřejné dotace a finančních prostředků zaměstnavatelů a zaměstnanců. A aby celý systém opravdu dával smysl, měl by stát na efektivním propojení existující infrastruktury středních a vysokých škol, vzdělávacích firem a zaměstnavatelů.
Okno příležitosti se rychle zavírá
Česko má stále všechny předpoklady, aby se stalo moderní průmyslovou zemí – silnou technickou tradici, průmyslové know-how i kvalitní firmy. Co mu ale chybí, je dostatečná rychlost adaptace. Konkurenti, zejména v Asii a Skandinávii, nezpomalují. Naopak.
Pokud chce ČR udržet vysokou životní úroveň, zkušený průmysl a atraktivitu pro zahraniční investice, musí robotizaci brát jako strategickou prioritu, nikoliv jako volitelný doplněk.
Společná práce firem a státu
Robotizace zkrátka není jen technologická změna. Je to nutná transformace české ekonomiky. Firmy musí investovat, inovovat a měnit způsob výroby a stát musí tyto kroky podpořit – finančně, vzděláváním i snazším přístupem k technologiím.
Pokud se oba sektory spojí, má Česká republika šanci nejen dohnat Evropu, ale stát se i jedním z lídrů moderní výroby. Pokud ne, riziko ztráty konkurenceschopnosti bude každým rokem růst.
Autorem komentáře je Radovan Hauk, partner poradenské skupiny Moore Czech Republic",2026-06-17T15:34:40.248278
https://www.moore-czech.cz/danovy-vyhled-na-rok-2026/,"Daňový výhled na rok 2026: stabilní sazby, nové příležitosti i vyšší nároky na firmy",2026-01-07T19:57:41+00:00,2026-02-09T13:43:29+00:00,marekhrotek,Tisková zpráva,Rok 2026 přináší do českého daňového systému několik zásadních změn.,https://www.moore-czech.cz/wp-content/uploads/sites/3/2025/12/jakub-zerdzicki-LNnmSumlwO4-unsplash-scaled.jpg,5 minut,"Sdílet
Link copied
Autor
Kristýna Pavlačková
Introduction
Rok 2026 přináší do českého daňového systému několik zásadních změn. Zatímco sazba daně z příjmů právnických osob zůstává stabilní a ruší se limit pro osvobození příjmů z prodeje podílů a cenných papírů, firmy i zaměstnavatelé se budou muset připravit na vyšší administrativní zátěž a přísnější dohled finanční správy. Přehled klíčových změn účinných od roku 2026, včetně těch připravovaných nebo veřejně diskutovaných, přináší firmám i jednotlivcům jasnou představu o tom, co je čeká a jak se na to připravit.
Základní sazba daně z příjmů právnických osob (DPPO) zůstává i v roce 2026 na úrovni 21 %. Z původních 19 % ji navýšila předchozí vláda v rámci konsolidačního balíčku zaměřeného na snižování deficitů veřejných rozpočtů již v roce 2024. Nová vláda však ve svém návrhu programového prohlášení nepočítá s dalším zvyšováním daňové zátěže podniků. Naopak deklaruje záměr vrátit se k původní 19% sazbě a postupně rušit vybraná opatření konsolidačního balíčku, který kromě fiskálních dopadů významně omezoval i některé daňové výjimky.
„
Pokud by byl prosazen návrat k 19% sazbě, lze předpokládat pokles DPPO jako příjmu státního rozpočtu o více než 20 mld. Kč. Zhruba polovina inkasa přitom pochází od subjektů spravovaných Specializovaným finančním úřadem, což jsou významné daňové subjekty s celostátní působností, jako jsou banky, pojišťovny, zajišťovny, obhospodařovatelé fondů, velké investiční fondy, penzijní společnosti a poplatníci hazardních her, a to zejména ty s vysokými obraty (nad 2 mld. Kč). Lze tedy konstatovat, že ze snížení by obecně benefitovala jak skupina velkých a regulovaných poplatníků, tak malé a střední podniky,“
popisuje Jiří Kappel, Head of Tax ve společnosti Moore Accounting CZ.
Zrušení limitu má rozhýbat transakční trh
Jedním z nejvýznamnějších kroků je zrušení omezení osvobození příjmů fyzických osob z prodeje obchodních podílů a cenných papírů nad hranici 40 milionů korun, a to s účinností od 1. ledna 2026. Tento krok by měl vést k výraznému oživení transakčního trhu.
„
Pro majitele firem to znamená možnost realizovat prodeje významných podílů bez dodatečné daňové zátěže, pokud splní zákonné podmínky držby. V praxi se tak otevírá prostor pro dříve odkládané prodeje rodinných podniků, vstupy strategických investorů, management buy-outů i restrukturalizace podnikových skupin. S tím lze očekávat i zvýšenou poptávku po transakčním, daňovém a právním poradenství,”
říká Jiří Kappel.
Výzkum a vývoj: vyšší odpočty, ale i trvající rizika
Pozitivní vývoj lze očekávat také v oblasti podpory výzkumu a vývoje. Od 1. ledna 2026 se zvyšuje daňový odpočet na 150 % vynaložených nákladů, a to až do výše 50 milionů korun. Toto opatření by mělo podpořit zejména malé a střední podniky, které v minulých letech často odrazovala intenzivní kontrolní činnost finanční správy.
Nová vláda zároveň deklaruje snahu tento institut dále zatraktivnit a motivovat firmy k investicím prostřednictvím rychlejších a efektivnějších daňových odpisů. I nadále však platí, že uplatňování odpočtu na výzkum a vývoj bude odborně náročnou oblastí a bez kvalitní přípravy se firmy vystavují zvýšenému riziku daňových sporů.
Nová pravidla pro zaměstnanecké akcie a opce
Od 1. ledna 2026 vstupují v účinnost také úpravy zaměstnaneckých akciových a opčních plánů. Nový, již třetí režim, je cílen především na start-upy a při splnění zákonných podmínek vyjímá příjmy z realizace těchto plánů z odvodů na sociální a zdravotní pojištění. Změna má potenciál zvýšit atraktivitu zaměstnanecké participace a usnadnit mladým firmám získávání a udržení klíčových talentů.
Rok 2026 přináší také nové administrativní povinnosti. Spuštění tzv. jednotného měsíčního hlášení zaměstnavatelů má sjednotit reporting vůči státní správě, zároveň však znamená vyšší komplexitu, častější podávání údajů a potenciálně přísné sankce při pochybeních.
„
Ze strany menších společností a mzdových účetních je jednotné měsíční hlášení zaměstnavatelů vnímáno zcela pochopitelně jako výrazná administrativní zátěž, na kterou zatím připraveny nejsou ani všechny mzdové systémy,“
vysvětluje Jiří Kappel.
Další významnou změnou je náběh povinností souvisejících s tzv. Pilířem II, který zavádí dorovnávací daně pro velké nadnárodní skupiny s cílem zajistit minimální efektivní zdanění zisků ve výši 15 %. Ačkoli se původně počítalo s dopadem již v roce 2025, první daňové povinnosti byly odloženy až na červen 2026. Zasáhne přitom řádově 3 až 4 tisíce českých členských entit a jednotky až nižší desítky jejich ultimátních mateřských společností.
Přísnější kontroly a návrat represivních nástrojů
Nová vláda avizovala i kroky, které mohou být pro poplatníky méně příznivé. Patří mezi ně zintenzivnění kontrolní činnosti finanční správy, důraz na potírání daňových optimalizací, zavedení EET 2.0. či povinné dokumentace k transakcím mezi spojenými osobami.
Odborná veřejnost v této souvislosti upozorňuje na riziko návratu k agresivnějšímu přístupu finanční správy, který byl patrný po roce 2013. Rok 2026 tak může firmám i jednotlivcům nabídnout nové příležitosti, ale zároveň přináší významná daňová a administrativní rizika.
„Určitě doporučuji změny nepodcenit a včas provést analýzu připravenosti na nové povinnosti – bez ohledu na to, zda jde o malý podnik, velkou korporaci či osobu samostatně výdělečně činnou,”
dodává Jiří Kappel.",2026-06-17T15:34:42.003599
https://www.moore-czech.cz/firmy-stale-vice-resi-wellbeing-zen-zdravi-zamestnankyn-se-stava-klicovym-tematem-moderniho-byznysu/,Firmy stále více řeší wellbeing žen: Zdraví zaměstnankyň se stává klíčovým tématem moderního byznysu,2025-12-16T13:21:44+00:00,2026-02-11T15:23:41+00:00,Eliška Jodasová,Tisková zpráva,"Zvýšená pozornost věnovaná ženskému zdraví, psychické pohodě a udržitelné kariéře se stává nedílnou součástí firemní kultury. Přestože je v Česku ve vrcholovém managementu zastoupeno pouze 13 % žen, v měřítku EU je už každý třetí manažer žena. Nicméně i mnohé tuzemské firmy vnímají benefity ženského leadershipu. Mezi ty, pro které se nejedná o pouhý trend, patří poradenská skupina Moore Czech Republic. Ta se této oblasti věnuje dlouhodobě a systematicky – na úspěšný program Moore Talent Management podporující rozvoj lídrů bez ohledu na gender nyní navázala iniciativou Moore Women. V rámci ní proběhlo i listopadové setkání manažerek zaměřené právě na wellbeing.  Rostoucí zájem o […]",https://www.moore-czech.cz/wp-content/uploads/sites/3/2026/02/shutterstock_2541118471-1-scaled.jpg,5 minut,"Sdílet
Link copied
Autor
Eliška Jodasová
Introduction
Zvýšená pozornost věnovaná ženskému zdraví, psychické pohodě a udržitelné kariéře se stává nedílnou součástí firemní kultury. Přestože je v Česku ve vrcholovém managementu zastoupeno pouze 13 % žen, v měřítku EU je už každý třetí manažer žena. Nicméně i mnohé tuzemské firmy vnímají benefity ženského leadershipu. Mezi ty, pro které se nejedná o pouhý trend, patří poradenská skupina Moore Czech Republic. Ta se této oblasti věnuje dlouhodobě a systematicky – na úspěšný program Moore Talent Management podporující rozvoj lídrů bez ohledu na gender nyní navázala iniciativou Moore Women. V rámci ní proběhlo i listopadové setkání manažerek zaměřené právě na wellbeing.
Rostoucí zájem o ženský wellbeing a zdraví reflektuje širší trend napříč českým i mezinárodním pracovním trhem. Firmy začínají chápat, že péče o fyzickou i psychickou kondici zaměstnankyň úzce souvisí nejen s prevencí vyhoření, ale také s jejich výkonem a dlouhodobou udržitelností kariéry.
Stejně tak si začínají uvědomovat význam ženského zastoupení. Nejenže se smíšené týmy ukazují být odolnějšími a kreativnějšími, ale data naznačují, že firmy, které mají vyšší podíl žen ve vedení, vykazují až o 20-25 % vyšší pravděpodobnost nadprůměrné profitabilnosti. Mezi země s nejvyšším podílem žen v představenstvech společností – tedy dosahujících více než 40 % – patří například Francie, Švédsko a Norsko. Průměrný podíl manažerek v rámci EU je pak 34,8 %.
Zdraví jako základ profesní síly žen
Ženy ve vedení ovšem mohou čelit zvýšenému pocitu tlaku a stresu, což může mít vliv právě na jejich způsob leadershipu. Wellbeing tak v tomto případě sehrává zásadní roli – vědomá práce se stresem, energií a rovnováhou mezi pracovním a osobním životem může pomoci k lepší koncentraci, větší motivaci i sebedůvěře a ve výsledku i ke kvalitnějšímu výkonu.
Úspěch žen v byznysu tak stojí na respektu k jejich zdraví.
„Teprve když je prevence a osobní pohoda stejně důležitá jako výkon, mohou ženy dlouhodobě růst a naplno využít svůj potenciál. Je proto podstatné, aby si firmy uvědomily, že osobní pohoda žen není jen subjektivní téma – jde o strategickou oblast s přímým dopadem na pracovní výkon i výsledky,“
říká Marcela Hrdá, partnerka poradenské skupiny Moore Czech Republic.
Wellbeing jako součást firemní kultury
Skupina Moore Czech Republic se oblasti ženského leadershipu a wellbeingu proto věnuje systematicky. Spustila mj. iniciativu Moore Women, která navázala na projekt Moore Talent Management. Ten podporuje rozvoj budoucích lídrů bez ohledu na pohlaví. Moore Woman se zaměřuje na podporu a rozvoj žen, kterých je ve skupině více než polovina – 170 z celkových 330 zaměstnanců.
„Projekt vznikl jako reakce na rostoucí potřebu posilovat zastoupení žen v řízení, podporovat jejich profesní růst a vytvářet prostředí, které reflektuje jejich specifické potřeby i ambice. Cílem je propojit talentované ženy napříč společnostmi skupiny a nabídnout jim prostor pro vzdělávání, mentoring, sdílení zkušeností a posilování leadership kompetencí,“
popisuje Marcela Hrdá.
Listopadové setkání manažerek tak bylo jen jedním z příkladů aktivit, které propojují odborné know-how s péčí o ženy v různých fázích jejich kariéry. Diskuse se zaměřily na psychický rozvoj, prevenci vyhoření a konkrétní nástroje, které mohou ženy využívat v každodenní praxi. Kouč a odborný poradce Libor Lukášek představil také šest základních lidských potřeb a jejich vliv na profesní i osobní život.
„Téma wellbeingu žen je pro nás důležité. V praxi jej podporujeme nejen vzdělávacími aktivitami, ale také tím, že ve firmě aktivně otevíráme prostor pro sdílení zkušeností a potřeb. Věříme, že zdravá a spokojená zaměstnankyně i zaměstnanec jsou základní stavební kámen úspěšného týmu,“
vysvětluje Marcela Hrdá.
Trend, který bude dál sílit
Listopadové setkání nebylo ve firmě jednorázovou akcí, wellbeing je pevnou součástí firemní kultury a přístupu, který je ve společnosti dlouhodobě zakořeněný. I proto poradenská skupina plánuje rozvoj dalších aktivit. Například Moore Academy dlouhodobě pracuje s tématy psychické odolnosti a wellbeingu, jedním z kroků je i připravovaný kurz na práci se stresem.
„V lednu plánujeme nový kurz zaměřený na stres management, který představí jednoduché, okamžitě použitelné metody uprostřed pracovního dne. Ne někdy večer, až bude klid, ale opravdu tady a teď – mezi dvěma meetingy, u počítače nebo po náročném telefonátu. Chceme pracovat s krátkými mikro-pauzami, dechovými technikami, rychlým uvolněním napětí v těle (ramena, čelist, oči) a celkově s nastavením nervového systému, nejen kalendáře,”
vysvětluje Ilona Pilařová, ředitelka Moore Academy CZ.
Focus na ženy ve vedoucích pozicích
V plánu je také systematický program pro ženy v byznysu, který je naučí pracovat s energií, dopřát si digitální hygienu a malé udržitelné návyky, které se dají reálně žít.
„
Většina žen v práci i doma funguje jako malé multifunkční centrum – přepínání mezi projektem, týmem, rodinou, domácností a často ještě péčí o další členy rodiny znamená, že se do stresu dostanou rychleji. V kurzu chceme ukázat, že stres není průšvih ani selhání, ale informace, která se dá zkrotit,“
vysvětluje Ilona Pilařová.
Téma nejen ženského zdraví a wellbeingu tak bude v pracovním prostředí dále nabývat na významu.
„Proto u nás chceme jít v této oblasti příkladem – nejen jednotlivými iniciativami, ale i dlouhodobým přístupem postaveným na respektu, prevenci a podpoře ženského potenciálu,”
dodává Marcela Hrdá.",2026-06-17T15:34:45.054872
https://www.moore-czech.cz/cena-paliv-i-vytapeni-muze-vzrust-eu-zavadi-novy-system-ets-2-pro-dopravu-a-budovy/,Cena paliv i vytápění může vzrůst: EU zavádí nový systém ETS 2 pro dopravu a budovy,2025-11-29T15:05:52+00:00,2026-02-11T15:24:02+00:00,Eliška Jodasová,Tisková zpráva,"Nový systém obchodování s emisními povolenkami, který připravuje EU, se nově dotkne vytápění budov, silniční dopravy nebo průmyslu. Očekává se tak růst cen energií i pohonných hmot, přičemž měsíční náklad průměrné domácnosti by se měl zvýšit v řádu stovek korun. Na druhé straně by ale mohla růst i motivace pro energetické úspory a proces dekarbonizace.   Evropská unie připravuje spuštění nového systému obchodování s emisemi – EU Emissions Trading Systém 2 (ETS 2), který zásadně rozšíří dosavadní pravidla pro zpoplatnění emisí skleníkových plynů. Nově […]",https://www.moore-czech.cz/wp-content/uploads/sites/3/2026/02/shutterstock_2237367971-2.jpg,4 minuty,"Sdílet
Link copied
Autor
Eliška Jodasová
Introduction
Nový systém obchodování s emisními povolenkami, který připravuje EU, se nově dotkne vytápění budov, silniční dopravy nebo průmyslu. Očekává se tak růst cen energií i pohonných hmot, přičemž měsíční náklad průměrné domácnosti by se měl zvýšit v řádu stovek korun. Na druhé straně by ale mohla růst i motivace pro energetické úspory a proces dekarbonizace.
Evropská unie připravuje spuštění nového systému obchodování s emisemi – EU Emissions Trading Systém 2 (ETS 2), který zásadně rozšíří dosavadní pravidla pro zpoplatnění emisí skleníkových plynů. Nově se dotkne také menších zdrojů využívaných k vytápění a paliv používaných v osobní i lehké dopravě. Tato legislativní změna, jejíž účinnost je plánována na začátek roku 2027, přinese výrazný dopad na ceny energií a pohonných hmot a promítne se do rozpočtů mnoha domácností i firem napříč Evropskou unií.
ETS 2 jako cesta k narovnání trhu
Pro úplnost a korektnost této diskuse, která před volbami značně rozdělovala společnost, je nutné podotknout, že systém ETS 2 do jisté míry snižuje současnou asymetrii trhu. Přestože se dotkne celé řady spotřebitelů, představuje krok k jisté formě jeho narovnání.
Navazuje na systém ETS 1, který funguje již od roku 2005 a vztahuje se především na velké stacionární zdroje emisí, například teplárny. Právě na ně dopadala v minulých letech zátěž emisního zpoplatnění, zatímco menší provozy a doprava nebyly do systému přímo zahrnuty. Výsledkem byla cenová nerovnováha, která znevýhodňovala odběratele dálkového tepla, přispěla k odpojování spotřebitelů a postupnému snižování účinnosti teplárenských soustav i jejich úpadku. Rozšíření principu zpoplatnění emisí i na menší zdroje a paliva používaná v dopravě v rámci ETS 2 by měla tuto nerovnováhu alespoň částečně vyrovnat.
Na koho dopadne ETS 2
V České republice je dálkově vytápěno asi 37 % obydlených bytů, které jsou z velké části již regulací zatíženy. Největší část domácností pak vytápí zemním plynem, konkrétně 38 %, dalších 10 % připadá na elektrickou energii a 9 % pak na dřevo a dřevěné pelety. Zbývajících 6 % domácností vytápí uhlím. Z hlediska vytápění tak může nová regulace dopadnout řádově na 60 % českých domácností.
Rozšířením na paliva využívaná pro osobní a lehkou dopravu je pak nutné připočítat také zdražení pohonných hmot. To se projeví nejen v přímých výdajích domácností, které si připlatí za nákup benzínu či nafty, ale ovlivní také náklady v celém dodavatelském řetězci – například dopravu zboží, služby nebo potraviny. Regulace ETS 2 se tak fakticky dotkne úplně každého.
Zdražení i předpokládaný rozvoj OZE
Podle informací zveřejněných Ministerstvem životního prostředí by se měl měsíční náklad průměrné domácnosti zvýšit přibližně o 200 až 400 Kč, v závislosti na způsobu vytápění, míře spotřeby pohonných hmot apod. Prostředky z emisních povolenek budou sloužit jako příjem České republiky určený na opatření zaměřená na snižování energetické náročnosti či rozvoj obnovitelných zdrojů. Ministerstvo životního prostředí rovněž předpokládá, že výsledný vliv ETS 2 na ekonomický růst České republiky by měl být díky investicím pozitivní.
Z makroekonomického hlediska však existují jisté pochybnosti nad validitou očekávaných dopadů. Investice do nové infrastruktury sice přinesou přidanou hodnotu, je nicméně otázkou, jak se to dotkne například běžného spotřebního chování, když Češi budou mít v peněžence v průměru o 4 000 Kč ročně méně. Stejně tak zůstává s otazníkem, jaký to bude mít vliv na investice, které se kvůli změnám nezrealizují apod. Nezpochybnitelný každopádně zůstane environmentální aspekt – ETS 2 bude dalším impulsem směřujícím k tolik potřebné modernizaci zdrojů, rozvoji OZE, snižování energetické náročnosti a obecně k dekarbonizaci.
Včasné jednání jako konkurenční výhoda
Domácnosti, podniky, ale i veřejný sektor musí na regulaci ETS 2 reagovat již nyní, a to zejména prostřednictvím opatření zacílených na realizaci energetických úspor, obměnu a rozvoj zdrojů, zejména OZE, nebo například na zefektivnění řízení spotřeby.
Podniky, které dokážou včas snížit svou závislost na fosilních palivech, získají konkurenční výhodu. Domácnostem se pak obecně zvýší výhodnost úsporných a modernizačních řešení. V dlouhodobém horizontu se tak může jednat o impuls, který urychlí transformaci české energetiky.
Autorem komentáře je Tomáš Křapáček, Senior Manager ve společnosti Moore Advisory CZ",2026-06-17T15:34:48.911008
https://www.moore-czech.cz/nerovne-pracovni-prilezitosti-pro-zeny-a-muze-podle-noveho-pruzkumu-nikoliv/,Nerovné pracovní příležitosti pro ženy a muže? Podle nového průzkumu nikoliv,2025-11-13T14:11:32+00:00,2026-02-11T16:32:18+00:00,Eliška Jodasová,Tisková zpráva,"Pracovní podmínky mužů a žen jsou ve většině sledovaných oblastí relativně srovnatelné. Vyplývá to z nového průzkumu1 společnosti Moore Czech Republic, který mapoval situaci mezi zaměstnanci napříč různými odvětvími – od výroby a služeb přes IT až po zdravotnictví a vzdělávání. Výsledky tak vnáší pochybnosti do zažitého veřejného obrazu, podle něhož čelí ženy v českých firmách značným znevýhodněním.   […]",https://www.moore-czech.cz/wp-content/uploads/sites/3/2025/11/shutterstock_2155229343-1-scaled.jpg,5 minut,"Sdílet
Link copied
Autor
Eliška Jodasová
Introduction
Pracovní podmínky mužů a žen jsou ve většině sledovaných oblastí relativně srovnatelné. Vyplývá to z nového průzkumu
1
společnosti Moore Czech Republic, který mapoval situaci mezi zaměstnanci napříč různými odvětvími – od výroby a služeb přes IT až po zdravotnictví a vzdělávání. Výsledky tak vnáší pochybnosti do zažitého veřejného obrazu, podle něhož čelí ženy v českých firmách značným znevýhodněním.
Veřejné debaty naznačují, že se pracovní příležitosti mužů a žen velmi liší. Proto provedla společnost Moore Czech Republic průzkum mezi zaměstnanci českých firem, aby nahlédla do zákulisí tohoto tvrzení. Cílem bylo zjistit, jak na tom pracovní trh v ČR je a zda sami zaměstnanci na běžných pozicích (nikoliv vedoucích a manažerských) vnímají zásadní rozdíly mezi pohlavími.
„
Podle výsledků panuje mezi zaměstnanci široká shoda v tom, že příležitosti pro kariérní růst, přístup k rozvojovým programům, finanční ohodnocení i přidělování odpovědnosti jsou ve firmách obecně srovnatelné pro obě pohlaví. Pouze 16,5 % respondentů uvedlo, že má buď osobní nebo vypozorovanou zkušenost se znevýhodněním v pracovním prostředí. Navíc 57,1 %
respondentů nesdílí názor, že by ženy musely pro uznání či postup vynaložit větší úsilí než muži,”
říká Marcela Hrdá, partnerka poradenské skupiny Moore Czech Republic.
Domníváte se, že ve vaší firmě mají muži a ženy…
Stejné příležitosti pro kariérní růst
76,2 % ano a spíše ano
Stejný přístup k rozvojovým programům
88,8 % ano a spíše ano
Stejné finanční ohodnocení
74,5 % ano a spíše ano
Stejné přidělování odpovědnosti
85,7 % ano a spíše ano
Do šetření se zapojilo 46,3 % mužů a 53,7 % žen na běžných zaměstnaneckých pozicích. Jednalo se o respondenty z firem různé velikosti a odvětví. Délka působení ve firmě byla u respondentů také různá – mezi dotázanými bylo 25,1 % těch, kteří ve firmě pracují více než 10 let, ale i 26,0 % těch, kteří na pozici působí 1-3 roky.
Rodičovství není překážkou, nebo ano?
V otázkách spojených s rodičovstvím a návratem z mateřské dovolené se ukázalo, že se podle dotázaných vrací většina žen (58,0 %) na stejnou pracovní pozici, jakou zastávala před odchodem. V menší části případů (15,6 %) pak došlo k posunu na jinou pozici. Pokud však k posunu došlo, jednalo se pouze v 8,3 % případů o vyšší pozici. Ve 41,7 % to byla pozice nižší, 50,0 % respondentů pak nedokáže porovnat, zda se jednalo o nižší nebo vyšší pozici.
„
Ačkoliv 40,7 % dotázaných míní, že rodičovství nemá na kariérní postup žádný vliv, našla se část respondentů, která zastává názor, že u žen má rodičovská dovolená negativní vliv. Konkrétně si to myslelo 25,1 % respondentů, což je nemalé procento,”
upozorňuje Marcela Hrdá.
Diverzita jako součást firemní kultury
Z odpovědí zaměstnanců rovněž vyplynulo, že 26,4 % firem v průzkumu již má formálně definovanou politiku pro podporu rovnosti a diverzity. Nicméně 46,3 % dotázaných o ničem takovém neví.
K nalomení tvrzení o nerovnosti nahrává také to, jak by zaměstnanci „oznámkovali“ přístup svých firem k rovným příležitostem mužů a žen. „Za jedna” by je ohodnotilo 16,7 % respondentů, 25,4 % by udělilo svému zaměstnavateli dvojku, 35,6 % trojku, 15,3 % za čtyři a 7,0 % za pět. Prostor pro zlepšení tedy firmy rozhodně mají.
Ke zlepšení pracovních příležitostí by mohla přispět transparentní pravidla pro odměňování a povýšení či návratové programy po rodičovské dovolené (školky, částečný pracovní úvazek). Užitečné by podle respondentů byly také pravidelné kontroly rozdílů v platech mezi pohlavími či podpora mužů v čerpání rodičovské dovolené.
Rovnost jako výsledek cílevědomé práce
Výsledky průzkumu nabízejí zajímavý kontrast k často citovaným tvrzením o přetrvávajících nerovnostech mezi muži a ženami na českém trhu práce.
„Interní firemní praxe však podle aktuálních dat ukazuje, že alespoň v části českých firem jsou rozdíly mezi pohlavími menší, než se čekalo – zejména tam, kde se vedení aktivně věnuje diverzitě, transparentnímu hodnocení a podpoře návratu rodičů po mateřské a otcovské dovolené,”
říká Marcela Hrdá.
Zjištění naznačují, že dosažení férových pracovních podmínek není pouze otázkou legislativy, ale i systematického řízení firemní kultury. Transparentní personální procesy, dostupné rozvojové programy a důsledné vyhodnocování interní spravedlnosti se ukazují jako faktory, které pomáhají udržet rovné příležitosti v praxi.
Podle Marcely Hrdé tak výsledky průzkumu přinášejí pozitivní zprávu – mezi ženami a muži v českých firmách napříč sektory nepanují zásadní rozdíly v pracovních podmínkách na běžných pracovních pozicích, a to ani v příležitostech k růstu.
Nicméně je nutné vzít v potaz zjištění
OECD
(2023), podle kterého zůstává Česká republika mezi zeměmi s vyšší genderovou mzdovou mezerou a nižším zastoupením žen ve vedoucích pozicích.
„
Je důležité téma diverzity a rovnosti sledovat dlouhodobě. Jednak proto, aby bylo možné reagovat na změny pracovního trhu, a zároveň proto, aby se férové prostředí stalo běžným standardem ve všech firmách, nejen v těch, které již dnes patří mezi příklady dobré praxe. Současně je nutné dál vytvářet prostor a aktivní programy pro kariérní růst žen,”
dodává Marcela Hrdá.
[1] Průzkum mezi 231 respondenty se uskutečnil v září 2025. Sběr dat byl realizován prostřednictvím aplikace Instant Research agentury Ipsos.",2026-06-17T15:34:51.752845
https://www.moore-czech.cz/cesky-prumysl-ceka-tlak-na-rychlejsi-dekarbonizaci-firmy-ktere-zacnou-vcas-ziskaji-naskok/,"Český průmysl čeká tlak na rychlejší dekarbonizaci. Firmy, které začnou včas, získají náskok",2025-09-17T14:08:51+00:00,2026-02-11T16:33:16+00:00,Eliška Jodasová,Tisková zpráva,"Evropská unie zpřísňuje pravidla pro snižování emisí a české podniky budou muset v příštích letech tempo dekarbonizace výrazně zrychlit. Podle expertů poradenské skupiny Moore Czech Republic představuje včasná reakce nejen cestu k plnění legislativních povinností, ale i příležitost k posílení konkurenceschopnosti.  Česko patří k nejprůmyslovějším ekonomikám v Evropě, zároveň je však silně závislé na fosilních palivech, zejména uhlí. V mezinárodním […]",https://www.moore-czech.cz/wp-content/uploads/sites/3/2025/09/glass-skyline-2.jpg,4 minuty,"Sdílet
Link copied
Autor
Eliška Jodasová
Introduction
Evropská unie zpřísňuje pravidla pro snižování emisí a české podniky budou muset v příštích letech tempo dekarbonizace výrazně zrychlit. Podle expertů poradenské skupiny Moore Czech Republic představuje včasná reakce nejen cestu k plnění legislativních povinností, ale i příležitost k posílení konkurenceschopnosti.
Česko patří k nejprůmyslovějším ekonomikám v Evropě, zároveň je však silně závislé na fosilních palivech, zejména uhlí. V mezinárodním srovnání se dlouhodobě řadí mezi země s nízkou výkonností v dekarbonizaci a zaostává v emisích, rozvoji obnovitelných zdrojů i energetické efektivitě. Přesto se objevují první pozitivní signály – například pokles emisí v energetice díky postupnému odstavování uhelných elektráren či zlepšení v dopravě.
1
Regulace tlačí na změnu, trh ji urychluje
Evropská legislativa určuje jasné milníky – snížení emisí o 55 % do roku 2030 a diskutovaný cíl až 90 % do roku 2040. Klíčovou roli hrají opatření jako systém obchodování s emisními povolenkami (EU ETS), nově spuštěný systém EU ETS2, mechanismus uhlíkového vyrovnání na hranicích (CBAM) nebo povinné ESG reportování podle směrnice CSRD/ESRS. Česká legislativa rámec doplňuje například zákonem Lex OZE III, který zjednodušuje povolovací procesy pro malé solární a větrné elektrárny, usnadňuje sdílení elektřiny a umožní podílení samostatně stojících baterií na službách výkonové rovnováhy. Zákon vstoupil v platnost 1. srpna 2025 a jeho druhá část začne platit letos v říjnu.
„Firmy už dnes musí počítat s tím, že náklady na vysokoemisní technologie porostou. Významná část dekarbonizačních opatření by bez evropské regulace vůbec nevznikla nebo by byla výrazně odložena. Dekarbonizace se postupně stává podmínkou dlouhodobé konkurenceschopnosti,“
říká Martin Buranský, partner poradenské skupiny Moore Czech Republic.
Tlak ale nepřichází jen od regulátorů. Banky zpřísňují úvěrové podmínky pro emisně náročné projekty, investoři požadují jasné dekarbonizační strategie a zákazníci stále častěji preferují dodavatele s nižší uhlíkovou stopou. Emise se přitom sledují ve třech kategoriích. Scope 1 zahrnuje přímé emise z provozu, Scope 2 emise spojené s nakupovanou energií a Scope 3 emise z celého dodavatelského řetězce. Zatímco Scope 1 a 2 lze snižovat poměrně rychle, například přechodem na obnovitelné zdroje nebo elektromobilitu, Scope 3 představuje pro firmy největší výzvu kvůli složitému sběru dat od dodavatelů.
„Zásadním problémem je nedostupnost kvalitních dat. Firmy často netuší, jaké emise vznikají při dopravě jejich zboží nebo u dodavatelů, a musí se spoléhat na méně přesné odhady. Výpočet Scope 3 je proto velmi náročný na čas i koordinaci,“
vysvětluje Tomáš Křapáček, Senior Manager společnosti Moore Advisory CZ.
Od povinnosti k příležitosti
Ačkoliv mnohé společnosti vnímají dekarbonizaci jako regulatorní břemeno, zkušenosti ukazují opak. Podniky, které se do procesu pustily včas, objevují nečekané přínosy – od úspor energií přes efektivnější provoz až po lepší přístup k financování.
„Když s klienty analyzujeme jejich energetickou bilanci a hledáme oblasti s největším potenciálem úspor, pohled se rychle mění. Z nutné povinnosti se stává investice do budoucího růstu,“
dodává Křapáček.
Mezi nejčastější opatření patří přechod na obnovitelné zdroje energie, elektrifikace vozových parků nebo využívání nízkoemisního betonu ve stavebnictví. Relativně snadným a rychlým prvním krokem je právě nákup zelené elektřiny, který významně přispívá ke snížení Scope 2.
Každá firma potřebuje vlastní cestu
Moore poskytuje firmám podporu od výpočtu uhlíkové stopy ve všech třech scopes, přes identifikaci oblastí s největším potenciálem úspor až po tvorbu a implementaci dekarbonizačních strategií s reportingem podle evropských standardů.
Praktickým příkladem je spolupráce s podnikem z oblasti potravinářské výroby, pro který poradci skupiny Moore zpracovali dekarbonizační strategii. Při úspěšné implementaci strategie může podnik dosáhnout snížení emisí až o 42 % do roku 2030. Největší vliv na snížení uhlíkové stopy má pro tento konkrétní podnik tlak na snížení emisí v dodavatelském řetězci, ale také doprava.
Dekarbonizace jako investice do budoucnosti
Vzhledem k rostoucímu legislativnímu tlaku i požadavkům klientů lze v příštích pěti letech očekávat výrazný nárůst poptávky po dekarbonizačních řešeních. Největší zájem bude v průmyslu, energetice, stavebnictví a logistice – tedy v odvětvích s vysokými emisemi a silným regulatorním i tržním tlakem.
„Firmy, které začnou s dekarbonizací dnes, budou mít v budoucnu rozhodující náskok. Snáze splní legislativní povinnosti a současně posílí svou pozici u investorů, bank i zákazníků,“
uzavírá Martin Buranský.
[1] Index Prosperity a Finančního zdraví České Spořitelny
https://www.indexprosperity.cz/2025/stav-zivotniho-prostredi-4/
, Climate Change Performance Index
https://ccpi.org/country/cze/",2026-06-17T15:34:54.601234
https://www.moore-czech.cz/spolecnosti-hledaji-cesty-k-usporam-danova-optimalizace-je-ale-predmetem-kontrol/,"Společnosti hledají cesty k úsporám, daňová optimalizace je ale předmětem kontrol",2025-09-03T14:05:28+00:00,2026-02-11T15:37:17+00:00,Eliška Jodasová,Tisková zpráva,"Zvýšení sazby daně z příjmů právnických osob a konsolidační balíček přinesly malým a středním podnikům (SME) citelné zvýšení nákladů. Podle odborníků je proto zásadní zaměřit se na efektivní řízení cash flow, využití dostupných daňových úlev a nastavení procesů tak, aby byly v souladu s legislativou a zároveň umožnily optimalizaci. Vzhledem ke složitosti daňové úpravy však nestačí spoléhat na rady účetních, internetových „odborníků“ či AI – klíčová je konzultace […]",https://www.moore-czech.cz/wp-content/uploads/sites/3/2025/09/shutterstock_2552411589-1.jpg,5 minut,"Sdílet
Link copied
Autor
Eliška Jodasová
Introduction
Zvýšení sazby daně z příjmů právnických osob a konsolidační balíček přinesly malým a středním podnikům (SME) citelné zvýšení nákladů.
Podle odborníků je proto zásadní zaměřit se na efektivní řízení cash flow, využití dostupných daňových úlev a nastavení procesů tak, aby byly v souladu s legislativou a zároveň umožnily optimalizaci. Vzhledem ke složitosti daňové úpravy však nestačí spoléhat na rady účetních, internetových „odborníků“ či AI – klíčová je konzultace s daňovým poradcem. V opačném případě se totiž může náprava chybného nastavení podnikům výrazně prodražit.
Rok 2025 přináší společnostem nejen vyšší daň z příjmů, ale i výzvu, jak efektivně řídit cash flow a zůstat konkurenceschopné.
„Na přiznáních za zdaňovací období roku 2024 pozorujeme u našich klientů – malých a středních podniků – zvýšení výsledné daně o více než 10 %. Spolu s dalšími opatřeními konsolidačního balíčku, jako jsou úpravy odvodů či zdanění závislé činnosti, tato opatření růst podniků můžou brzdit,“
uvádí Jiří Kappel, Senior Tax Manager z Moore Accounting CZ.
Společnosti se tak snaží daně optimalizovat, velmi často se ale dopouštějí zásadní chyby tím, že spouštějí transakce nebo nastavují uspořádání bez komplexní konzultace s daňovým poradcem.
„Vzhledem ke složitosti daňové úpravy a relativně cíleným kontrolám finanční správy se poplatníci nemohou spoléhat jen na rady účetních, online „odborníků“ nebo AI. Samotná náprava pak totiž může být daleko nákladnější a komplikovanější, nemluvě o sporech s finanční správou. Ta se v poslední době soustředí zejména na transakce se spojenými osobami, které musí probíhat za stejných podmínek, jaké by si sjednaly nezávislé subjekty. Kvalitní dokumentace, která obstojí při důkladně kontrole správce daně, je tak nezbytná,“
vysvětluje Jiří Kappel.
Tenká hranice mezi legitimním a nelegitimním jednáním
Daňové předpisy sice obsahují řadu příležitostí, jak poplatníkům ulevit. Optimalizace je ovšem legální pouze tehdy, odpovídá-li jednání poplatníků nejen textu, ale i účelu zákona. Co to znamená v praxi? Pokud je převažujícím cílem transakce pouze získání daňové výhody, může být označena jako zneužití daňového práva a správce daně výhodu odepře.
Správce daně obvykle rovněž ukládá i správní sankce a úroky z prodlení. Ačkoliv se tedy nejedná o přímé porušení zákona, jako je tomu u daňových úniků, resp. krácení daní, které mají trestněprávní důsledky, nelegitimní optimalizace se nevyplácí.
Přesun do zahraničí a holdingová uspořádání ne vždy dávají smysl
Nabízí se tak otázka, zda poplatníci začnou ve větší míře využívat holdingové struktury nebo přesouvat část operací do zahraničí.
„Částečně k tomu dochází, nicméně v segmentu malých a středních podniků tento trend zatím nepozorujeme. Přesun do zahraničí je pro tuzemské skupiny spojen s vysokými transakčními náklady a daňovým rizikem. Nejde jen o změnu sídla, ale je třeba řešit skutečné místo vedení, zdanění při odchodu, vnitroskupinové restrukturalizace či stálé provozovny. Častěji vidíme přesun části aktivit do zahraničí u nadnárodních skupin, které tam již mají zázemí, i ony však musí zohlednit výše uvedené aspekty,“
vysvětluje Marcela Hrdá, partnerka poradenské skupiny Moore Czech Republic.
V poslední době se navíc finanční správa zaměřila také na holdingové struktury, které nemají kromě daňové výhodnosti jiné ekonomické opodstatnění, v čemž ji podpořily i správní soudy.
„Holdingové struktury ovšem stále dávají smysl, zejména u komplexnějších skupin, pro ochranu majetku a plánování nástupnictví,“
dodává Marcela Hrdá.
Příležitosti pro rok 2026
Trh současně napjatě očekává, zda bude zrušeno omezení osvobození z prodejů cenných papírů a obchodních podílů na 40 milionů Kč, což by mohlo přinést významné oživení transakčního trhu.
Změny v daňové legislativě v posledních letech spíše oslabovaly konkurenceschopnost českých firem, a to nejen růstem daňové zátěže, ale i složitější administrativou.
„Ve srovnání se středoevropskými zeměmi na tom však stále nejsme nejhůře – také naši sousedé čelí zvyšujícím se daním či složitějším pravidlům, což dokládá například slovenský konsolidační balíček nebo zavedení daně z finančních transakcí. Do budoucna je proto klíčové zaměřit se na výrazné zjednodušení daňového systému. Reformy by však měly vznikat transparentně, v dialogu s odbornou veřejností a s dostatečným časem na přípravu, nikoli formou narychlo přijatých pozměňovacích návrhů, které přinášejí nejistotu a komplikace,“
říká Jiří Kappel, Senior Tax Manager z Moore Accounting CZ.
Pro rok 2026 se společnosti mohou zaměřit také na strategie využívající plánované změny v oblasti zaměstnaneckých opčních plánů a zatraktivnění odpočtu na výzkum a vývoj. Tyto nástroje představují legitimní možnosti optimalizace, které mohou podpořit inovace i rozvoj firem. Zároveň však bude nutné počítat s možným posílením kontrol finanční správy, zejména pokud dojde po volbách ke změně vlády, a pečlivě sledovat naplnění všech podmínek těchto institutů. Výběr daní se stane s největší pravděpodobností prioritou, proto je třeba plánovat strategie obezřetně.",2026-06-17T15:34:57.370363
https://www.moore-czech.cz/uspech-moore-global-na-iafa-2025-titul-sit-roku-ocenuje-praci-a-nasazeni-lidi-napric-skupinou/,Úspěch Moore Global na IAFA 2025: Titul „Síť roku” oceňuje práci a nasazení lidí napříč skupinou,2025-08-25T14:01:19+00:00,2026-02-11T15:33:14+00:00,Eliška Jodasová,Tisková zpráva,"Mezinárodní auditorská, poradenská a účetní síť Moore Global, jejímž členem je i poradenská, auditní a technologická skupina Moore Czech Republic, dosáhla významného milníku. Na galavečeru International Accounting Forum and Awards 2025 (IAFA 2025) v Londýně získala prestižní titul „Síť roku” (Network of the Year). Ocenění je zároveň uznáním práce všech lidí v síti Moore.  Na slavnostním udílení v londýnském hotelu Hilton London Metropole převzala cenu provozní ředitelka Moore Global Vivienne Muir. „Tato cena je uznáním kvality, […]",https://www.moore-czech.cz/wp-content/uploads/sites/3/2025/08/IAB-Network-of-the-Year-2025-badge-1.jpg,3 minuty,"Sdílet
Link copied
Autor
Eliška Jodasová
Introduction
Mezinárodní auditorská, poradenská a účetní síť Moore Global, jejímž členem je i poradenská, auditní a technologická skupina Moore Czech Republic, dosáhla významného milníku. Na galavečeru International Accounting Forum and Awards 2025 (IAFA 2025) v Londýně získala prestižní titul „Síť roku” (Network of the Year). Ocenění je zároveň uznáním práce všech lidí v síti Moore.
Na slavnostním udílení v londýnském hotelu Hilton London Metropole převzala cenu
provozní ředitelka Moore Global Vivienne Muir.
„Tato cena je uznáním kvality, nasazení a spolupráce, které definují naši globální síť. Odráží vynikající práci našich členských firem a lidí po celém světě. Srdečně děkuji a gratuluji všem v Moore, kteří to umožnili,”
okomentovala ocenění Vivienne Muir.
Porota své rozhodnutí zdůvodnila skvělými výsledky a klíčovými milníky, kterých skupina Moore Global dosáhla v loňském roce. S 13% meziročním růstem byla jedinou sítí z Top 20, která dosáhla dvouciferného růstu čtyři roky po sobě. Růst zaznamenalo také 83 % členských firem, z nichž 44 % dosáhlo více než 10% meziročního růstu. Tyto výsledky dokazují konsistentní výkon a pevnou pozici Moore napříč regiony.
„Vždy jsem věděl, že budujeme něco výjimečného. Ocenění IAFA je pro nás velkou odměnou, která náleží každému z našich 37 tisíc lidí,”
doplnil
generální ředitel Moore Global Anton Colella.
Ocenění IAFA 2025 je pochvalou a zároveň motivací i pro skupinu Moore Czech Republic.
„Je nám velkou ctí být součástí oceněné ‚Sítě roku’. Vnímáme tento titul jako potvrzení kvality naší práce, důrazu na inovace a partnerského přístupu. Jako součást globální sítě Moore přináší toto ocenění našim členům i klientům v Česku přímou přidanou hodnotu. Zároveň nás motivuje a zavazuje k další práci a utvrzování dobrého jména Moore,”
dodala
partnerka skupiny Moore Czech Republic Marcela Hrdá.
International Accounting Forum již 15 let udílí ceny nejlepším hráčům na globálním poli účetnictví a financí. Na každoroční konferenci se setkávají společnosti z celého světa, aby diskutovaly o investicích, digitální transformaci a růstových strategiích. Ocenění „Síť roku” porota udílí skupinám, které prokazují trvalý růst, rozvoj mezinárodní značky a vysokou kvalitu služeb doma i v zahraničí. Porotci dále hodnotí schopnost aktivně reagovat na změny trhu a příležitosti globálního účetnictví.",2026-06-17T15:35:00.500698
https://www.moore-czech.cz/zamestnanci-starsi-55-let-firmy-si-ceni-jejich-loajality-ale-predsudky-a-technologie-brzdi-jejich-nabor/,"Zaměstnanci starší 55 let: Firmy si cení jejich loajality, ale předsudky a technologie brzdí jejich nábor",2025-07-21T13:58:45+00:00,2026-02-23T12:47:43+00:00,Eliška Jodasová,Tisková zpráva,"Více než tři čtvrtiny HR odborníků v Česku se domnívají, že zaměstnanci starší 55 let mají na trhu práce znevýhodněné postavení. Vyplývá to z aktuálního průzkumu poradenské skupiny Moore Czech Republic, který realizovala ve spolupráci se Svazem personalistů. Překážky podle nich tvoří technologické adaptace a zdravotní omezení, ale také zakořeněné věkové stereotypy. Podle 82 % respondentů přitom přinášejí zaměstnanci ve věku 55 let a více do firmy bohaté pracovní zkušenosti.   Do průzkumu, který probíhal od […]",https://www.moore-czech.cz/wp-content/uploads/sites/3/2025/07/shutterstock_2513693213-1.jpg,5 minut,"Sdílet
Link copied
Autor
Eliška Jodasová
Introduction
Více než tři čtvrtiny HR odborníků v Česku se domnívají, že zaměstnanci starší 55 let mají na trhu práce znevýhodněné postavení. Vyplývá to z aktuálního průzkumu poradenské skupiny Moore Czech Republic, který realizovala ve spolupráci se Svazem personalistů. Překážky podle nich tvoří technologické adaptace a zdravotní omezení, ale také zakořeněné věkové stereotypy. Podle 82 % respondentů přitom přinášejí zaměstnanci ve věku 55 let a více do firmy bohaté pracovní zkušenosti.
Do průzkumu, který probíhal od konce května do začátku července, se zapojilo 101 respondentů z řad členů Svazu personalistů.
„Průzkum jsme realizovali v návaznosti na naše loňské šetření, které mapovalo, jak své šance na trhu vnímají samotní zaměstnanci. Abychom měli srovnání a věděli, jak celou situaci vidí i personalisté, navázali jsme letos průzkumem ve spolupráci se Svazem personalistů, který nám pomohl oslovit své členy. Většina dotázaných má navíc dlouholetou praxi v HR – přes 70 % z nich pracuje v oboru více než deset let,”
vysvětluje Marcela Hrdá, partnerka poradenské skupiny Moore Czech Republic.
„Personalisté, kteří se do průzkumu zapojili, nejčastěji působí ve středních (50,5 %) a velkých firmách (43,6 %), především v oblasti výroby, obchodu a služeb. Podařilo se nám ale oslovit také personalisty z veřejného sektoru. Ti tvořili 12,9 % respondentů. Výsledky přinesly zajímavá data, a ještě zajímavější srovnání. Zatímco v některých názorech se personalisté se zaměstnanci shodují, jinde jsme zjistili významné kontrasty,”
dodává prezident Svazu personalistů Petr Otáhal.
Věk jako překážka? Pro zaměstnance nad 60 let jednoznačně
Z loňského průzkumu vyplynulo, že až 84,2 % Čechů ve věku 55
–
59 let považuje svůj věk jako překážku při hledání nového zaměstnání, v případě zaměstnanců nad 60 let je to dokonce 86 % respondentů. Co ale říkají data od personalistů?
„Pouze 13 % respondentů z řad personalistů se domnívá, že mají zaměstnanci starší 55 let na trhu stejné příležitosti jako jejich mladší kolegové. Celých 78 % personalistů se naopak domnívá, že jsou starší zaměstnanci v určité nevýhodě. Věk 55-59 let je při přijímacím řízení považován za problém podle 73 % personalistů, pokud je pak uchazeči 60 a více let, může být věk hlavní překážkou k přijetí až podle 90 % personalistů,“
říká Ondřej Přerovský, HR Advisory Lead z Moore Advisory CZ.
Proti starším uchazečům hraje podle personalistů kratší horizont setrvání ve firmě (24 %), vyšší mzdová očekávání (25 %), obavy z věkových předsudků na pracovišti (44 %), ale také strach ze zdravotních omezení spojených s vyšším věkem (55 %) či obavy z adaptace na nové technologie (64 %). To koneckonců potvrzují také samotní zaměstnanci. Obavy zaměstnavatelů, že starší zaměstnanci nedokáží udržet krok s rychle se vyvíjejícími technologiemi a digitálními změnami, potvrdilo jako překážku 69,3 % pracovníků starších 55 let, zdravotní omezení je v očích zaměstnavatele překážkou dle 55,8 % zaměstnanců.
Starší zaměstnanci přinášejí stabilitu a zkušenosti
Přes uvedené bariéry většina personalistů považuje zaměstnance nad 55 let za stejně (66,3 %) nebo dokonce více kvalifikované (33,7 %) v porovnání s jejich mladšími kolegy. Oceňovaní jsou zejména pro stabilitu a loajalitu (88,1 %), bohaté pracovní zkušenosti (82,3 %) a dobré komunikační dovednosti (18,8 %). Zároveň 37,6 % dotázaných zdůrazňuje jejich schopnost mentorovat mladší kolegy. Současně má 53,7 % zaměstnanců starších 55 let pocit, že by mohli svému zaměstnavateli nabídnout více, někteří z nich se dokonce domnívají, že jejich zkušenosti a dovednosti jsou nedoceněny či zcela ignorovány.
Zkušenosti personalistů ukazují, že starší zaměstnanci z benefitů nejvíce oceňují příspěvek na stravování (71 %), programy na podporu zdraví a zdravého životního stylu (68 %) a podporu při zvládání nových technologií (34 %). Způsob, jak by firmy mohly podpořit zaměstnávání této věkové skupiny, vidí dotázaní personalisté v mentoringu od mladších kolegů (56,4 %), například ve zmiňované oblasti technologií. Zde se ale názory personalistů a samotných uchazečů o zaměstnání rozcházejí.
Zatímco personalisté vidí potenciál v mentoringu, mezi zaměstnanci staršími 55 let o podobné programy velký zájem příliš není.
„Něco takového by uvítalo pouze 3,2 % respondentů, stejně tak příliš netáhne wellbeing (21 %) či rekvalifikační kurzy (18,1 %). Naopak by zaměstnanci nejvíce ocenili, kdyby zaměstnavatelé zapracovali na zvyšování povědomí o přínosech starších pracovníků (46,5 %). Starší zaměstnanci přinášejí na trh své know-how, jejich zaměstnávání navíc podporuje diverzitu na pracovišti, která je důležitá pro rozvoj celé společnosti,”
dodává Ondřej Přerovský.
Kompletní výsledky průzkumu mezi personalisty naleznete
zde
.
Zdroj:
průzkum Moore Czech Republic realizovaný se Svazem personalistů v období 28. 5.–4. 7. 2025",2026-06-17T15:35:03.451596
https://www.moore-czech.cz/private-equity-jako-novy-globalni-sektor-cesky-trh-je-na-nej-pripraven/,Private equity jako nový globální sektor. Český trh je na něj připraven,2025-07-10T13:56:12+00:00,2026-02-23T12:51:44+00:00,Eliška Jodasová,Tisková zpráva,"Poradenská skupina Moore Czech Republic vítá posílení sektoru soukromého kapitálu v rámci své globální sítě Moore Global. Jmenováním prvního globálního vedoucího sektoru firma reaguje na rostoucí význam private equity, který se naplno projevuje i na českém trhu, a současně potvrzuje svoji pozici jednoho z nejaktivnějších poradců v tomto segmentu.   Soukromý kapitál je v současnosti jedním z nejdynamičtějších segmentů ekonomiky. „Rozšíření sektoru private equity na globální úrovni vnímáme jako logický krok, který reflektuje vývoj na […]",https://www.moore-czech.cz/wp-content/uploads/sites/3/2025/07/shutterstock_1312231271-scaled.jpg,4 minuty,"Sdílet
Link copied
Autor
Eliška Jodasová
Introduction
Poradenská skupina Moore Czech Republic vítá posílení sektoru soukromého kapitálu v rámci své globální sítě Moore Global. Jmenováním prvního globálního vedoucího sektoru firma reaguje na rostoucí význam private equity, který se naplno projevuje i na českém trhu, a současně potvrzuje svoji pozici jednoho z nejaktivnějších poradců v tomto segmentu.
Soukromý kapitál je v současnosti jedním z nejdynamičtějších segmentů ekonomiky.
„Rozšíření sektoru private equity na globální úrovni vnímáme jako logický krok, který reflektuje vývoj na trzích. Private equity investoři nejenže zajišťují alternativní zdroje financování, jsou také aktivními partnery firem v klíčových transformačních okamžicích. Na českém trhu se private equity stává zásadním nástrojem pro restrukturalizaci, generační obměnu i růst menších a středně velkých firem. Private equity investoři nepřinášejí pouze kapitál, ale také aktivní přístup k řízení, a často tak působí jako mentoři managementu,“
říká Petr Kymlička, partner poradenské skupiny Moore Czech Republic.
Český trh: méně investorů, více odbornosti
Zatímco v zahraničí se private equity často soustředí na rozsáhlé akvizice, v Česku hraje prim segment malých a středních firem (SME). S výjimkou několika velkých skupin, jako je PPF, Penta, J&T, KKCG či EPH, jejichž podnikání dosahuje významného nadnárodního rozměru, jsou tuzemští private equity investoři orientováni na akvizice menších a středně velkých společností, u kterých je mnohdy hlavním tématem právě problematika generační výměny na straně majitelů.
Role private equity se tak mění – z čistě finančních investorů se stávají partneři, kteří firmám pomáhají strategicky růst, zvyšovat efektivitu a budovat vnitřně provázané skupiny s přidanou hodnotou.
„Už dávno neplatí, že private equity znamená jen tvrdé zásahy a rychlý exit. Dnešní investoři se orientují na dlouhodobé zhodnocení, a to prostřednictvím tvorby reálné hodnoty – optimalizace procesů, inovací, ale i motivace managementu. Významně tak ovlivňují výkonnost firem,“
vysvětluje Petr Kymlička.
Na druhé straně je pro tuzemské private equity investory charakteristická cesta zhodnocování akvírovaných společností prostřednictvím využívání jejich vzájemných synergií a vytváření logicky uspořádaných finančně průmyslových skupin. Takoví investoři již nepoužívají triviální metody typu „leverage“ bankovního financování, rozprodeje majetku, zejména nemovitého, nebo bezhlavého tlaku na náklady, nýbrž se snaží o budování něčeho nového. To přináší i zcela novou kvalitu pro původní majitele, kteří často zůstávají v pozici minoritních společníků či akcionářů.
Posun se tak odráží i v poradenské praxi. Ve společnosti Moore Advisory CZ, která je členem skupiny Moore Czech Republic, poskytují klientům komplexní podporu napříč celým investičním cyklem – od identifikace vhodného investora, přes transakční poradenství (včetně due diligence, právního poradenství a daňového servisu), až po posttransakční integraci. Vztahy s většinou tuzemských private equity fondů navíc umožňují týmu flexibilně vybírat nejvhodnější partnery podle konkrétních potřeb klienta.
Vlastní investiční zkušenosti i impuls pro české firmy
Jako důkaz místo slibů mohou posloužit výsledky Moore Advisory CZ. Firma je exkluzivním poradcem majetkově spřízněného investičního fondu MaeG Investment SICAV a mimořádně vysoké zhodnocení fondu svědčí o kompetencích poradenské firmy. Od založení fondu zhodnocení činilo 17 %, za poslední rok dosáhlo dokonce 25 %.
Jmenování Candice Czeremuskin, řídící partnerky Moore Cayman Islands, globální lídryní sektoru private equity v rámci Moore Global tak vnímá Moore Czech Republic jako potvrzení rostoucího významu tohoto segmentu v rámci celé sítě. Společně s dalšími nově jmenovanými lídry – včetně zástupců pro technologie, média, těžbu nebo poradenství v oblasti rizik – vzniká silný tým, který bude identifikovat nové příležitosti ke sdílení know-how a inovací, ale i efektivnějšímu servisu pro klienty.
„Díky našemu zapojení do této globální sítě máme přístup k inspiraci a know-how z trhů po celém světě. Současně však zůstáváme pevně ukotveni v české realitě, kterou velmi dobře známe. To nám umožňuje nabídnout našim klientům skutečně cílené a kvalitní služby s přidanou hodnotou,“
uzavírá Petr Kymlička.",2026-06-17T15:35:06.359460
https://www.moore-czech.cz/online-vyuka-bez-kompromisu-online-stredni-skola-spektrum-potvrdila-svou-kvalitu-maturitnimi-vysledky/,Online výuka bez kompromisů. Online Střední škola Spektrum potvrdila svou kvalitu maturitními výsledky,2025-06-26T13:53:58+00:00,2026-02-23T12:53:54+00:00,Eliška Jodasová,Tisková zpráva,"Zatímco většina studentů se na maturitu připravuje v lavicích, maturanti Střední školy Spektrum zvládli zkoušku dospělosti zcela bez prezenční výuky. A výsledky? Ty znovu potvrzují, že online vzdělávání není jen kompromis, ale plnohodnotná a úspěšná cesta ke středoškolskému vzdělání.  Digitální Střední škola Spektrum, která působí v Mladé Boleslavi a umožňuje ryze online formu studia studentům z celé republiky, má za sebou […]",https://www.moore-czech.cz/wp-content/uploads/sites/3/2025/06/shutterstock_245611945-scaled.jpg,4 minuty,"Sdílet
Link copied
Autor
Eliška Jodasová
Introduction
Zatímco většina studentů se na maturitu připravuje v lavicích, maturanti Střední školy Spektrum zvládli zkoušku dospělosti zcela bez prezenční výuky. A výsledky? Ty znovu potvrzují, že online vzdělávání není jen kompromis, ale plnohodnotná a úspěšná cesta ke středoškolskému vzdělání.
Digitální Střední škola Spektrum, která působí v Mladé Boleslavi a umožňuje ryze online formu studia studentům z celé republiky, má za sebou další úspěšný maturitní ročník. V květnu 2025 zde proběhly písemné i ústní maturitní zkoušky z českého jazyka, cizích jazyků i odborných předmětů. Ve státní části maturitní zkoušky se například studenti oboru Obchodní akademie umístili na 20. místě ze 103 škol Středočeského kraje v českém jazyce, a ještě lépe si vedli v angličtině, kde obsadili 11. místo ze 101 škol.
Pozadu nezůstaly ani nástavbové obory Podnikání a Sociální činnost – studenti zde dosáhli 100% úspěšnosti v německém jazyce, a dokonce byli jedinými v kraji, kdo maturoval také z ruštiny. To vše potvrzuje dlouhodobý trend: kvalita online výuky v podání Střední školy Spektrum drží krok s klasickým prezenčním vzděláváním – a v některých ohledech jej dokonce předčí.
„Jsme nesmírně hrdí na výsledky našich studentů. Mnozí z nich zvládají kromě studia i náročnou práci, vrcholový sport nebo péči o děti. O to cennější jsou jejich úspěchy u maturit. Ukazují, že když má člověk motivaci a oporu, zvládne cokoliv – i bez každodenní docházky do školy,“
říká Ilona Pilařová, jednatelka školy.
Škola, která se přizpůsobí studentovi
Střední škola Spektrum nabízí výhradně online formu studia, a to už od roku 2015 – tedy dávno předtím, než se digitální výuka stala běžnou kvůli pandemii. Díky flexibilnímu systému si studenti mohou přizpůsobit tempo učení svému režimu. Online výuka probíhá třikrát týdně, zbytek studia je založen na samostatné přípravě s podporou učitelů a tutora. Do školy se dochází pouze jednou za pololetí na zkoušky.
„Naši studenti nejsou anonymní čísla v systému. S každým z nich pracujeme individuálně, známe jejich příběhy, motivace i překážky, které musí překonávat. To, že jim při tom dokážeme zprostředkovat kvalitní vzdělání, potvrzují právě i výsledky maturit,“
vysvětluje Ilona Pilařová.
Takový model je ideální nejen pro pracující dospělé, ale i pro rodiče na mateřské, profesionální sportovce, osoby se zdravotním omezením nebo pro všechny, kdo hledají alternativu ke klasickému režimu. Právě důraz na flexibilitu a individuální přístup je stále častěji vnímán jako klíčový i na evropské úrovni – Akční plán digitálního vzdělávání EU 2021–2027
1
podporuje rozvoj personalizované, inkluzivní a dostupné výuky, která reflektuje rozdílné životní situace i tempo učení. Evropské instituce navíc otevřeně prosazují hybridní a distanční modely jako legitimní součást vzdělávacího systému. Střední škola Spektrum je tak v tomto směru o několik let napřed – a výsledky jejích studentů ukazují, že nejde o experiment, ale o funkční cestu budoucnosti.
Škola zároveň připravuje další novinky – od září spouští modulární výukový systém, který studentům umožní větší míru volby a přiblíží výuku univerzitnímu prostředí. Vedení také plánuje otevření nových poboček pro snadnější konání zkoušek v různých částech republiky.
„Naše střední škola chce být školou pro život. Takovou, která se přizpůsobí realitě dnešního světa – a zároveň poskytne silný základ do budoucnosti. Výsledky našich studentů u maturit jsou jasným důkazem, že to jde i online, bez kompromisů,“
uvádí Radovan Hauk, partner skupiny Moore Czech Republic, do které Střední škola Spektrum patří.",2026-06-17T15:35:09.397319
https://www.moore-czech.cz/vysoke-naroky-celozivotni-vzdelavani-i-zapojeni-ai-podoba-moderniho-ucetnictvi-se-prudce-meni/,"Vysoké nároky, celoživotní vzdělávání i zapojení AI. Podoba moderního účetnictví se prudce mění",2025-06-11T13:47:48+00:00,2026-02-23T13:00:53+00:00,Eliška Jodasová,Tisková zpráva,"Před 30 lety zažil outsourcing účetních služeb porevoluční boom. Nyní ale toto odvětví prochází řadou změn i výzev, které souvisí především s nástupem umělé inteligence a příchodem mladé generace na trh. Rutinní práce je nahrazována stéle sofistikovanějšími systémy, na které si starší generace musí zvykat, a role účetních se stále více rozšiřuje směrem k analýze dat či strategickému i […]",https://www.moore-czech.cz/wp-content/uploads/sites/3/2025/06/shutterstock_2054558597-1-scaled.jpg,5 minut,"Sdílet
Link copied
Autor
Eliška Jodasová
Introduction
Před 30 lety zažil outsourcing účetních služeb porevoluční boom. Nyní ale toto odvětví prochází řadou změn i výzev, které souvisí především s nástupem umělé inteligence a příchodem mladé generace na trh. Rutinní práce je nahrazována stéle sofistikovanějšími systémy, na které si starší generace musí zvykat, a role účetních se stále více rozšiřuje směrem k analýze dat či strategickému i daňovému poradenství.
S postupující digitalizací a nástupem AI prochází moderní účetnictví transformací. Rutinní úkoly jsou stále častěji nahrazovány moderními technologiemi, které se stávají nedomyslitelnou součástí profese. Kromě toho dochází na trhu také k přirozené generační výměně – zakladatelé porevolučních firem účetního outsourcingu odchází po více než třech desítkách let do důchodu a řeší tak otázku dalšího směřování svých společností. Některé firmy nacházejí pokračovatele v rámci rodiny, jiné hledají nové investory nebo se spojují s většími hráči. Na trhu tak probíhá postupná konsolidace, při níž vznikají silnější a stabilnější celky schopné nabídnout klientům komplexní a moderní služby.
Neatraktivní byrokracie
Navzdory modernizaci ale zájem o profesi upadá.
„Před 15 lety se na praxe hlásili desítky studentů už během studia. V současnosti je to spíše tak, že firmy musí aktivně vyhledávat vhodné absolventy. Praxe při studiu je navíc to, co dnešním absolventům mnohdy chybí – někteří z nich ani neměli v ruce reálný daňový doklad a nedokáží z něj vyčíst základní údaje potřebné pro jeho zaúčtování,“
říká Marcela Hrdá, partnerka poradenské skupiny Moore Czech Republic. Důvodem nižšího zájmu o profesi je podle ní především složitost daňového a účetního systému. Zájemce také odrazují časté legislativní změny a nutnost trvalého profesního vzdělávání.
„Řešením by bylo snížení byrokracie a zjednodušení legislativy,“
míní Marcela Hrdá ze skupiny Moore Czech Republic.
Stále častějším řešením nedostatku uchazečů o pozici se proto stává implementace technologií. Například v Moore Accounting CZ aktivně využívají více účetních, mzdových i daňových softwarových systémů současně, čímž dokáží efektivně obsluhovat různorodou klientelu a pokrýt její specifické potřeby či vazby na systémy jejích mateřských skupin.
Na denní bázi se společnosti osvědčuje například nástroj wflow, který usnadňuje digitalizaci daňových dokladů, zvyšuje efektivitu práce, snižuje chybovost a umožňuje klientům mít data k dispozici kdykoliv a odkudkoliv.
„Práce na dálku, elektronická výměna dat a zabezpečené online portály jsou dnes již běžnou součástí poskytovaných služeb, čímž se posouvá i samotná kultura spolupráce mezi klientem a účetní firmou. Firma díky tomu disponuje vysokou mírou odborné adaptability
–
opírá se nejen o široké spektrum poskytovaných služeb, robustní tým kvalifikovaných specialistů či regionální zastoupení, ale také o zmiňované plně digitalizované procesy, které umožňují vzdálenou spolupráci a práci v různorodých účetních, mzdových a daňových systémech v souladu s preferencemi klienta,“
vysvětluje Michal Markvart, regionální ředitel společnosti Moore Accounting CZ za Prahu.
Outsourcing účetnictví jako výhoda
Změnou prochází i přístup firem k samotnému zajištění účetní agendy. Stále více podniků si uvědomuje, že interní vedení účetnictví přináší řadu skrytých nákladů a rizik a uchylují se proto k externímu řešení. To zajišťuje flexibilitu a škálovatelnost služeb podle aktuálních potřeb klienta, zároveň externí firmy disponují znalostí aktuální legislativy.
„Profesní účetní kanceláře pravidelně aktualizují své postupy v souladu s nejnovějšími zákony a předpisy, čímž minimalizují riziko chyb nebo sankcí, které mohou vzniknout v důsledku neaktuálního výkladu. Navíc se vám nestane, že vám účetní odjede na dovolenou nebo dá výpověď – firmy mají pokrytou plnou zastupitelnost,”
jmenuje výhody Michal Markvart.
Spolupráce s externí účetní kanceláří tak představuje pro firmy strategický krok směrem k vyšší efektivitě a odbornosti. Na rozdíl od interního týmu, jehož budování vyžaduje roky, poskytuje outsourcing okamžitý přístup k širokému spektru expertů napříč oblastmi účetnictví, daňového poradenství, mezd, práva či dotační problematiky. Klienti tak získávají komplexní servis a jistotu kvalifikovaného přístupu ke každému detailu.
Nahradí stroje profesi účetních?
Přestože automatizace stále častěji přebírá rutinní úkoly, zůstává lidská odbornost v účetnictví nadále nenahraditelná.
„Každá firma má svá specifika, každá transakce své detaily a každý klient jiné potřeby. Účetní profesionál musí umět nejen zpracovat čísla, ale také interpretovat souvislosti, vykládat legislativu, hledat optimální řešení a být schopen odborně vést klienta i v komplikovaných situacích,“
míní Marcela Hrdá.
Účetnictví proto podle ní s největší pravděpodobností čeká hybridní budoucnost. Rutinní úkoly převezmou stále sofistikovanější systémy podporované umělou inteligencí, zatímco role účetních se bude nadále posouvat směrem k analýze dat, strategickému a daňovému poradenství, řízení rizik, controllingovým a reportovacím úkolům a ke komplexní komunikaci s klientem.
„Ti, kdo si osvojí nejen odborné znalosti, ale i moderní nástroje a nové kompetence, budou tvořit páteř odvětví v dalších dekádách. Účetnictví zůstane stabilní a důležitou profesí — jen její podoba a nároky na její vykonavatele se budou dále vyvíjet,“
dodává Marcela Hrdá.",2026-06-17T15:35:12.498963
https://www.moore-czech.cz/digitalni-skola-patri-mezi-nejlepsi-v-regionu-umoznuje-studium-i-profesionalnim-sportovcum/,Digitální škola patří mezi nejlepší v regionu. Umožňuje studium i profesionálním sportovcům,2025-05-20T13:46:02+00:00,2026-02-27T10:32:30+00:00,Eliška Jodasová,Tisková zpráva,"Napříč republikou je 1 327 středních škol. Málokterá z nich se ale odlišuje tak jako Střední škola Spektrum Mladá Boleslav. Na rozdíl od většiny ostatních totiž nabízí výhradně digitální formu výuky. Díky tomu je studium dostupné i těm, pro které by bylo běžné denní studium složité – například profesionálním sportovcům či pracujícím. Ostatním školám přitom Spektrum dokáže velmi úspěšně konkurovat – podle výsledků maturitních zkoušek z […]",https://www.moore-czech.cz/wp-content/uploads/sites/3/2025/05/shutterstock_1788659135.jpg,4 minuty,"Sdílet
Link copied
Autor
Eliška Jodasová
Introduction
Napříč republikou je 1 327 středních škol. Málokterá z nich se ale odlišuje tak jako Střední škola Spektrum Mladá Boleslav. Na rozdíl od většiny ostatních totiž nabízí výhradně digitální formu výuky. Díky tomu je studium dostupné i těm, pro které by bylo běžné denní studium složité – například profesionálním sportovcům či pracujícím. Ostatním školám přitom Spektrum dokáže velmi úspěšně konkurovat – podle výsledků maturitních zkoušek z českého jazyka se zařadila mezi nejúspěšnější v regionu.
Podle výsledků srovnávacího přehledu za školní rok 2023/24, který mapuje úspěšnost maturit v jednotlivých regionech, obsadila SŠ Spektrum mezi 17 středními školami na Mladoboleslavsku 6. místo.
„V kontextu čistě distančního vzdělávání považujeme umístění na takto vysoké příčce za potvrzení, že naše forma výuky je moderní plnohodnotnou alternativou ke klasickému prezenčnímu studiu,“
říká Ilona Pilařová, jednatelka školy.
Výuka z domova s individuálním tempem
Digitální model výuky, který škola zavedla už pět let před pandemií covid-19, je postavený na kombinaci samostudia a online výuky. Studenti mají přístup ke všem výukovým materiálům najednou a mohou si organizovat přípravu podle svých možností. Online hodiny probíhají třikrát týdně, zbytek času tvoří samostatná práce. Do školy pak přichází studenti osobně pouze jednou za pololetí na zkoušky.
„Tento systém vyhledávají především studenti, kteří se věnují vrcholovému sportu, pracují nebo z jiných důvodů vyžadují větší flexibilitu. Škola aktivně komunikuje například s trenéry i zaměstnavateli studentů a přizpůsobuje výuku jejich potřebám, žáci jsou v každodenním kontaktu se svým učitelem či tutorem. Zájem roste také mezi lidmi na rodičovské dovolené nebo těmi, kteří se chtějí rekvalifikovat,“
říká Ilona Pilařová.
Výuku podporuje systém Moodle s virtuálními učebnami, od září jej v rámci kariérního poradenství doplní i psychologická platforma Talk2Amy, která dokáže pomocí umělé inteligence analyzovat osobnostní profil studentů a doporučit vhodnou profesní cestu. V pilotním režimu ji už otestovali i všichni pedagogové školy.
Maturita i za rok – legálně a bez zkratek
Vedle standardního studia nabízí škola i alternativní cestu ke vzdělání v rámci projektu „Maturita bez studia“. Ten využívá platnou legislativu, podle které není určena povinná délka studia, ale pouze povinnost prokázat znalosti z požadovaných předmětů. Studenti se připravují samostatně a skládají závěrečné zkoušky, které jsou podmínkou pro připuštění k maturitě.
Právě doplnění maturity je pro žáky školy klíčové.
„Mnoho již pracujících lidí až po čase zjistí, že k tomu, aby se mohli kariérně posunout – ať už například při přechodu do jiné firmy nebo v rámci té stávající, potřebují maturitu,“
vysvětluje Ilona Pilařová.
V současnosti je do tohoto režimu zapojeno přes 160 zájemců. Délka přípravy je individuální – u oborů Podnikání a Sociální činnost nejvýše jeden rok, u Obchodní akademie do dvou let. Model je určen především pro dospělé, kteří si chtějí doplnit vzdělání, například kvůli pracovnímu uplatnění.
Expanze i nový výukový model
Zatímco ve školním roce 2022–2023 na Střední škole Spektrum studovalo 239 žáků, letos je to 340. Počet studentů tak s každým rokem stoupá, v odhadech pro nadcházející školní rok vedení hovoří o čtyřech stovkách studentů. Protože zájem o studium výrazně převyšuje kapacity školy, plánuje vedení otevření nových poboček.
„Máme žáky z celé České republiky a chceme jim usnadnit dojíždění ke zkouškám. Od září navíc plánujeme spuštění modulárního systému výuky inspirovaného vysokoškolským prostředím. Studenti si budou moci vybírat z jednotlivých výukových modulů a sestavit si vlastní vzdělávací cestu podle zaměření nebo profesních cílů,“
dodává Ilona Pilařová.",2026-06-17T15:35:15.515097
https://www.moore-czech.cz/energetika-stale-celi-rade-nejistot-prechod-na-obnovitelne-zdroje-brzdi-poplatky-i-infrastruktura/,Energetika stále čelí řadě nejistot. Přechod na obnovitelné zdroje brzdí poplatky i infrastruktura,2025-04-16T13:43:59+00:00,2026-02-27T10:38:09+00:00,Eliška Jodasová,Tisková zpráva,"Přestože je přechod od fosilních paliv k čistým zdrojům energie v Evropě jednou z klíčových strategií boje proti klimatickým změnám i energetické závislosti, český energetický sektor se stále potýká s řadou strukturálních a regulatorních překážek. Vedle potřeby masivních investic a nedostatečné infrastruktury bude zásadní výzvou také tlak na proměnu cenové struktury elektřiny. Ta totiž v současnosti není nastavena […]",https://www.moore-czech.cz/wp-content/uploads/sites/3/2025/04/shutterstock_645524257-1-1-scaled.jpg,5 minut,"Sdílet
Link copied
Autor
Eliška Jodasová
Introduction
Přestože je přechod od fosilních paliv k čistým zdrojům energie v Evropě jednou z klíčových strategií boje proti klimatickým změnám i energetické závislosti, český energetický sektor se stále potýká s řadou strukturálních a regulatorních překážek. Vedle potřeby masivních investic a nedostatečné infrastruktury bude zásadní výzvou také tlak na proměnu cenové struktury elektřiny. Ta totiž v současnosti není nastavena pro potřeby decentralizované výroby z obnovitelných zdrojů. Česká republika se přitom Evropské unii zavázala k plánu Fit for 55.
Evropská komise stanovila ambiciózní cíle pro rok 2030 v oblasti dekarbonizace, rozvoje obnovitelných zdrojů a zvyšování energetické účinnosti. Podle balíčku opatření Fit for 55 by měly státy snížit emise skleníkových plynů alespoň o 55 % oproti výchozímu roku 1990, současně by měly zvýšit podíl obnovitelných zdrojů na konečné spotřebě energie, a to na přibližně 30 %.
K plánu se zavázalo i Česko, naplnit cíle se mu ale zřejmě nepodaří.
„Je málo pravděpodobné, že by se nám závazek podařilo splnit. Odhaduji, že se u nás v roce 2030 bude pokles emisí pohybovat někde kolem úrovně 45 %, zatímco podíl OZE na konečné spotřebě bude atakovat hodnotu 25 %. Více než dosažení limitů je ale z mého pohledu důležité, aby postupná evoluce energetického trhu směřovala k poklesu emisí, avšak při ekonomickém růstu,“
říká Tomáš Křapáček, senior manager z Moore Advisory CZ.
Český energetický mix: pokrok i přetrvávající závislost
Podíl fosilních paliv a obnovitelných zdrojů na výrobě energie se v Česku za poslední roky významně proměnil. Od roku 1990 Češi snížili spotřebu pevných fosilních paliv z 63 % na 33 %, současně zvýšili podíl obnovitelných zdrojů a jaderné energie, a to o 12 %. Energetický mix se tak významně mění ve prospěch obnovitelných zdrojů. Přesto je u nás podíl uhlí na výrobě elektřiny stále zhruba trojnásobný oproti průměru EU.
Obnovitelné zdroje se pak velmi často omezují jen na fotovoltaiku.
„Fotovoltaika u nás bezesporu zažívá největší boom. Zatímco v roce 2021 byla v Česku instalovaná kapacita kolem 2 200 MWp, do konce roku 2025 by měla přesáhnout hranici 5 000 MWp. Bez rozvinuté infrastruktury pro akumulaci ale představuje značnou zátěž pro stabilitu sítě. Energetický systém proto potřebuje diverzifikaci i ve výrobních technologiích,“
vysvětluje Tomáš Křapáček.
Příkladem, jak využít klimatické a geografické podmínky ve svůj prospěch, může být Norsko. Díky vysokým horám a značnému množství vodních toků získává více než 90 % elektřiny z vodních elektráren. Vyšší rychlost větru zase využívá Nizozemsko, Portugalsko a Spojené království. Česko pak má z geografického hlediska největší potenciál v kombinaci solární a větrné energie. Výroba z fotovoltaických elektráren je nejvyšší na jaře a v létě, zatímco větrné elektrárny nejvíce vyrábí na podzim a v zimě, kdy nejvíce fouká. Tyto zdroje se tedy vhodně doplňují.
Cenová struktura potřebuje revizi
Nedostatečně dimenzovaná distribuční síť ovšem v některých regionech neumožňuje připojování nových zdrojů. Veškerá vyrobená energie tak musí být do 15 minut spotřebována nebo uložena do akumulace, což omezuje nejen výkon, ale i samotnou ochotu k instalaci.
Nepříznivá legislativa v oblasti sdílení energií navíc znevýhodňuje lokální spotřebu vyššími distribučními poplatky, což by mohlo brzdit komunitní energetiku. Vlastníci fotovoltaik, kteří síť využívají méně předvídatelně, budou čelit vyšším distribučním poplatkům, což bude vytvářet ekonomickou nevýhodu a podkopávat motivaci domácností i firem investovat do decentralizovaných řešení.
„Dosavadní nastavení cenové struktury elektřiny vzniklo v době centrální výroby a nedokáže reflektovat realitu, kdy se do systému zapojují tisíce malých výrobců. Ceny za distribuci, přenos a rezervovanou kapacitu musejí být nově přehodnoceny s ohledem na variabilitu a predikovatelnost nových zdrojů,“
upozorňuje Tomáš Křapáček.
Podle dat agentury IRENA (International Renewable Energy Agency) jsou již nyní obnovitelné zdroje ekonomicky konkurenceschopné. Průměrné náklady na výrobu elektřiny z fotovoltaiky a větru klesly na 30–50 USD/MWh, což je výrazně pod úrovní fosilních zdrojů, které se často pohybují mezi 70–100 USD/MWh.
Globální geopolitika jako katalyzátor změn
Ačkoliv je návratnost investic ovlivněna regulatorní nejistotou a nejednoznačnými pravidly trhu, investice do komunitních řešení, solárních panelů a tepelných čerpadel přece jenom narůstají. Konflikt na Ukrajině, energetická krize, ale i aktuální velmi bouřlivá politika Donalda Trumpa totiž znovu otevřely otázku energetické nezávislosti. Pro firmy se tak stává instalace vlastních zdrojů stále důležitější, právě z důvodu zajištění vyšší energetické bezpečnosti a soběstačnosti.
„Úplná eliminace dovozu energií sice není v dohledné době realistická, lze ale výrazně snížit závislost na externích dodavatelích právě posílením domácí výroby z obnovitelných zdrojů. To ovšem vyžaduje nejen investice, ale také modernizaci přenosových a distribučních soustav,“
dodává Tomáš Křapáček.",2026-06-17T15:35:18.406495
https://www.moore-czech.cz/vztah-mezi-klientem-a-financni-instituci-posiluji-digitalni-procesy-i-digitalni-penize/,Vztah mezi klientem a finanční institucí posilují digitální procesy i digitální peníze,2025-04-03T14:17:21+00:00,2026-02-27T10:45:11+00:00,Eliška Jodasová,Tisková zpráva,"Jak prohloubit důvěru retailové klientely ve finanční instituce? S odpovědí na tuto otázku pomáhají i zkušenosti a přístupy z jiných trhů. Například britský finanční sektor se momentálně sžívá s novými pravidly, která mají spotřebitelům přinést ještě větší ochranu. Společnosti nabízející finanční služby tak musejí přerámovat některá dosavadní nastavení a upravit produktovou nabídku. A to i za asistence samotných zákazníků a s pomocí tradičních komunikačních i technologicky vyspělých nástrojů. Velmi pozorně to sledují také další finanční centra světa. Situaci v České republice pak ovlivňují regulace v bankovním sektoru Evropské unie.   Cílem nově implementovaných ostrovních předpisů je zajistit jasnější a vyšší standardy zákaznické péče. Poskytovatelé finančních služeb proto potřebují své portfolio nastavit […]",https://www.moore-czech.cz/wp-content/uploads/sites/3/2025/04/shutterstock_2706548275.jpg,4 minuty,"Sdílet
Link copied
Autor
Eliška Jodasová
Introduction
Jak prohloubit důvěru retailové klientely ve finanční instituce? S odpovědí na tuto otázku pomáhají i zkušenosti a přístupy z jiných trhů. Například britský finanční sektor se momentálně sžívá s novými pravidly, která mají spotřebitelům přinést ještě větší ochranu. Společnosti nabízející finanční služby tak musejí přerámovat některá dosavadní nastavení a upravit produktovou nabídku. A to i za asistence samotných zákazníků a s pomocí tradičních komunikačních i technologicky vyspělých nástrojů. Velmi pozorně to sledují také další finanční centra světa. Situaci v České republice pak ovlivňují regulace v bankovním sektoru Evropské unie.
Cílem nově implementovaných ostrovních předpisů je zajistit jasnější a vyšší standardy zákaznické péče. Poskytovatelé finančních služeb proto potřebují své portfolio nastavit způsobem, který povede k lepšímu porozumění nabízených služeb a produktů a k prokazatelnému jednání v nejlepším zájmu klienta.
„Jedním z dopadů tohoto opatření bude větší zapojení samotných spotřebitelů do návrhů finančních produktů. Pro finanční společnosti to mimo jiné znamená, že při formování požadované úrovně spokojenosti a důvěry se vedle osobních schůzek s lidmi a osvědčených průzkumů spokojenosti budou mnohem více spoléhat na zpracování obrovského množství již existujících dat. Jedná se o technologickou revoluci, která zpřesňuje hodnocení rizik,“
říká Ewen Fleming, vedoucí sektoru finančních služeb poradenské sítě Moore Global.
Bez technologií a umělé inteligence se neobejdou ani čeští poskytovatelé finančních služeb.
„Používání umělé inteligence (AI) v českém finančním sektoru sice není tak rozšířené jako na některých vyspělejších trzích, nicméně v Moore Czech Republic jasně pozorujeme rychlý nárůst její implementace. Banky, pojišťovny i další finanční instituce si uvědomují, že AI hraje klíčovou roli při zvyšování konkurenceschopnosti, zlepšování zákaznické zkušenosti a řízení rizik,“
vysvětluje Ondřej Hlaváček, senior konzultant Moore Czech Republic, který se zaměřuje na umělou inteligenci a její implementaci do činnosti firem.
Podle něj se umělá inteligence ve finančním sektoru v Česku využívá především k vyhodnocování rizik, optimalizaci portfolia, detekci podvodů, automatizaci rutinních procesů či správě dokumentů. Má však i další využití.
„AI také slouží jako asistent a spolupracovník jednotlivých zaměstnanců, se kterým mohou konzultovat své výstupy a rozhodnutí a díky tomu minimalizovat chybovost a zvyšovat celkovou produktivitu,“
dodává Hlaváček.
Dalším trendem, na který finanční společnosti musejí reagovat, je pak pohyb úrokových sazeb. Krátkodobý výhled předpovídá jejich pokles. Z toho plyne predikce většího množství půjček fyzickým osobám i podnikům a hospodářského růstu.
„Pro finanční odvětví se to jeví jako skvělá zpráva, nicméně je dobré podívat se na to i z jiného úhlu pohledu. Pravděpodobný je totiž pokles čisté úrokové marže. Ta, pro představu, byla v České republice v roce 2022 na úrovni 2,2 %. Při srovnání tuzemských bank s ostatními bankami v Evropské unii je to podle dat Evropského orgánu pro bankovnictví nadprůměrná hodnota. Úvěry poskytnuté klientům pak tvořily největší část aktiv českých bank, a tento trend přetrvává,“
doplňuje Martin Buranský, partner Moore Advisory CZ.
Obecně se banky v Česku těší vysoké důvěře veřejnosti. V průzkumu Garančního systému finančního trhu z roku 2022 uvedlo 9 z 10 respondentů, že jim důvěřuje. Za bankami se umístily na druhém místě stavební spořitelny a na třetím penzijní společnosti. K posilování důvěry mezi finančními institucemi na straně jedné a klienty na straně druhé přispívá i evropská směrnice o smlouvách o spotřebitelském úvěru, která odráží nové produkty v online prostředí. Čeští zákonodárci by jejím zavedením měli novelizovat Zákon o spotřebitelském úvěru.
Diskutovaným tématem se zároveň stávají digitální měny centrálních bank. Bahamy, Jamajka nebo Nigérie už je zavedly. Evropská centrální banka vypisuje v souvislosti s technickým zajištěním digitálního eura výběrové řízení.
„Ta idea je taková, že digitální euro by mělo stejné výhody jako komerční kryptoměny, ovšem bez jejich vysoké volatility a bez rizika, že centrální banky zkolabují. Retailové bankovnictví může vklady v digitálních měnách využívat jako zdroj financování, stejně jako v případě tradičních měn,“
uzavírá Fleming.",2026-06-17T15:35:21.223376
https://www.moore-czech.cz/talk2amy-vstupuje-do-nove-ery-diky-strategickemu-partnerstvi-s-moore-czech-republic/,Talk2amy vstupuje do nové éry díky strategickému partnerství s Moore Czech Republic,2025-04-01T14:19:27+00:00,2026-02-27T10:47:35+00:00,Eliška Jodasová,Tisková zpráva,"Psychologická platforma Talk2amy, vyvinutá společností Mongata, dosáhla dalšího klíčového milníku ve svém rozvoji. Spojení sil s renomovanou poradenskou skupinou Moore Czech Republic jí otevírá nové možnosti pro inovace, expanzi a rozšíření služeb. Tato strategická spolupráce umožní Talk2amy nejen pokračovat v technologickém vývoji, ale také rozšířit platformu do zahraničí a provázat ji s dalšími službami v oblasti HR.  Nové partnerství přináší pro […]",,3 minuty,"Sdílet
Link copied
Autor
Eliška Jodasová
Introduction
Psychologická platforma Talk2amy, vyvinutá společností Mongata, dosáhla dalšího klíčového milníku ve svém rozvoji. Spojení sil s renomovanou poradenskou skupinou Moore Czech Republic jí otevírá nové možnosti pro inovace, expanzi a rozšíření služeb. Tato strategická spolupráce umožní Talk2amy nejen pokračovat v technologickém vývoji, ale také rozšířit platformu do zahraničí a provázat ji s dalšími službami v oblasti HR.
Nové partnerství přináší pro obě strany řadu výhod:
pokračující inovace a vylepšení platformy Talk2amy,
lokalizaci do dalších jazyků pro využití v nových regionech,
rozšíření o služby v oblasti HR, poskytované skupinou Moore Czech Republic,
postupnou expanzi na další trhy v EU i mimo ni.
V Moore Czech Republic získává Talk2amy silného partnera, který přispěje svými zkušenostmi a odborností k dalšímu růstu platformy. Skupina Moore Czech Republic přináší nejen rozsáhlé know-how v oblasti poradenství a strategického řízení, ale také podporu nadnárodní sítě Moore Global, která urychlí expanzi Talk2amy za hranice České republiky.
Globální vize díky sofistikovanému využití umělé inteligence
„Naše skupina se dlouhodobě věnuje poskytování poradenských služeb v oblasti lidských zdrojů, zejména pro střední a větší podniky. Platforma Talk2amy nám umožní posunout tyto služby na zcela jinou úroveň, a to nejen v ČR, ale také v celé globální organizaci Moore. Již první ohlasy od zahraničních partnerů ukazují, že Talk2amy představuje díky velmi sofistikovanému využití umělé inteligence skutečnou světovou špičku ve své kategorii. Uděláme vše pro to, aby obrovský potenciál této platformy byl využit co nejlépe,“ uvádí Petr Kymlička, partner skupiny Moore Czech Republic.
„Naším společným cílem se společností Mongata přitom není rozšíření platformy pouze pro klienty v rámci celosvětově působící poradenské sítě Moore, ale postupně rozvinout působnost platformy na perspektivních zahraničních trzích, a to jak v segmentu B2B ve spolupráci s dalšími obchodními partnery, tak i v segmentu B2C, kde si slibujeme řádově rozšířit stávající počet více než 100.000 uživatelů platformy,“ dodává k plánům Moore Czech Republic její partner, Radovan Hauk.
Platforma Talk2amy
Talk2amy (
www.talk2amy.com
) je revoluční psychologická platforma, která propojuje moderní technologie s psychologií, vyvíjená společností Mongata. Platforma pomáhá firmám, profesionálům i jednotlivcům lépe porozumět lidské osobnosti a rozvíjet její potenciál. Díky využití umělé inteligence a pokročilých analytických metod nabízí široké spektrum aplikací – od náboru zaměstnanců, přes talent management, až po individuální rozvoj.
„Díky pětiletému vývoji a inovacím se Talk2amy zařadila mezi unikátní a průlomová řešení propojující nejnovější technologie s psychologií. Talk2amy již dnes pomáhá rozvíjet lidský potenciál celé řadě společností, profesionálů a jednotlivců. Usnadňuje práci a přináší nový vhled například při výběru zaměstnanců, rozvoji talentů, v oblasti kariérního růstu, týmové spolupráce, nebo osobního rozvoje.
Strategické partnerství se skupinou Moore Czech Republic nám umožní posunout možnosti platformy Talk2amy na zcela novou úroveň. Přinášet další inovace, rozšiřovat nabídku služeb, a především pak podpořit expanzi na nové trhy. Moore Czech Republic pro nás představuje partnera s mnohaletou zkušeností a globálním přesahem, který bude aktivně napomáhat dalšímu růstu platformy,“ konstatuje Martin Rücker, spoluzakladatel a ředitel společnosti Mongata.",2026-06-17T15:35:24.240298
https://www.moore-czech.cz/firmy-v-roce-2025-cekaji-dalsi-danove-zmeny-stavebnictvi-nebude-vyjimkou/,"Firmy v roce 2025 čekají další daňové změny, stavebnictví nebude výjimkou",2025-03-13T13:41:28+00:00,2026-02-27T10:49:52+00:00,Eliška Jodasová,Tisková zpráva,"Začátek roku 2025 přinesl řadu změn v oblasti daní, které ovlivňují fungování firem v České republice. Zásadními úpravami prošel například zákon o dani z přidané hodnoty a došlo také k zúžení formy poskytnutí zajištění daně z finanční záruky na bankovní záruku. Další klíčové daňové změny teprve vstoupí v platnost v průběhu roku a některé z nich zásadně ovlivní oblast stavebnictví a trh s nemovitostmi.  Od 1. ledna 2025 vstoupily v platnost úpravy zákona o dani z přidané hodnoty. Pro […]",https://www.moore-czech.cz/wp-content/uploads/sites/3/2025/03/shutterstock_712434244-1-scaled.jpg,4 minuty,"Sdílet
Link copied
Autor
Eliška Jodasová
Introduction
Začátek roku 2025 přinesl řadu změn v oblasti daní, které ovlivňují fungování firem v České republice. Zásadními úpravami prošel například zákon o dani z přidané hodnoty a došlo také k zúžení formy poskytnutí zajištění daně z finanční záruky na bankovní záruku. Další klíčové daňové změny teprve vstoupí v platnost v průběhu roku a některé z nich zásadně ovlivní oblast stavebnictví a trh s nemovitostmi.
Od 1. ledna 2025 vstoupily v platnost úpravy zákona o dani z přidané hodnoty. Pro podnikatele jsou zásadní především změny v oblasti povinné registrace k dani. Pokud jejich roční obrat přesáhne dva miliony korun, ale současně nepřekročí 2 536 500 korun, stanou se plátci DPH od 1. ledna následujícího roku. Oproti dřívějšku se tedy už nebude sledovat obrat za jakýchkoli 12 po sobě jdoucích měsíců, ale pouze za celý kalendářní rok. Pokud ovšem obrat během roku překročí i hranici 2 536 500 korun, plátcem DPH se podnikatel stane hned od druhého dne po jejím překročení. Tato změna může podle analytiků firmám způsobit nemalé zmatky.
„Může se objevit celá řada administrativních komplikací. Teprve praxe, prováděcí opatření a přístup finanční správy ukážou, zda podnikatelům usnadní práci, nebo jestli byrokratická zátěž spíše vzroste,“
upozorňuje ředitel regionální kanceláře Praha společnosti Moore Accounting CZ a daňový poradce Michal Markvart.
Další administrativní změnu pak představuje zúžení jedné z forem zajištění daně, tzv. finanční záruky na záruku bankovní. Jejím cílem je předcházet daňovým únikům a možným zneužitím institutu finanční záruky. Firmy, které je doposud nevyužívaly, budou muset přejít na bankovní záruky, což může náklady na administrativu taktéž zvýšit.
V administrativě podnikatele ovlivní také novinka, která vejde v platnost 1. května 2025. Ta se dotkne zejména bank, investičních společností a dalších finančních institucí. Jedná se o nový způsob sčítání spořící doby při změně poskytovatele dlouhodobých investičních produktů (DIP).
„Tato administrativní úprava povede k větší flexibilitě investorů. Nebudou muset začínat novou spořící dobu od nuly, pokud převedou své prostředky k jinému poskytovateli, což může motivovat k větší konkurenci mezi finančními institucemi a lepším podmínkám pro investory. Současně to vyžaduje důkladné informování klientů ze strany finančních institucí a přizpůsobení systémů nové evidenci spořících dob,“
vysvětluje Michal Markvart.
Změny čekají i na stavebnictví
Zásadní daňové změny se od začátku července nevyhnou ani oblasti stavebnictví a trhu s nemovitostmi. V případě nemovitostí se změní pravidla jejich prodeje. Nově se bude danit pouze první prodej nemovitosti do dvou let po kolaudaci nebo podstatné změně, následné prodeje již budou od daně osvobozeny. Ve stavebnictví se změní sazba DPH pro stavební a montážní práce na dokončených stavbách pro bydlení či sociální bydlení, pokud tyto stavby už nebudou splňovat podmínky pro tyto typy staveb. Úprava má zajistit, aby přestavba neměla výhodnější daňový režim než nová výstavba, pokud výsledná stavba nesplňuje podmínky pro sníženou sazbu DPH. Změní se také definice bytového domu pro sociální bydlení, díky níž se rozšíří možnost aplikovat sníženou sazbu daně u výstavy bytových domů.
Obě novinky mohou zásadně ovlivnit investory do nemovitostí.
„Nová daňová pravidla pro prodej nemovitostí ovlivní investory a strategii developerů, kteří se těmto podmínkám budou muset přizpůsobit. Ještě větší zvrat v této oblasti představuje nárůst DPH u rekonstrukcí a přestaveb, který zásadně ovlivní rozhodování investorů mezi rekonstrukcí a novou výstavbou. Pravděpodobně povede k vyšším nákladům developerů a možnému poklesu atraktivity rekonstrukcí. Na druhou stranu tento krok de facto podporuje novou výstavbu, což může být motivační pro řadu developerských projektů,“
popisuje Michal Markvart.
Stavebnictví a obchodování s nemovitostmi už přitom daňovým změnám čelilo se začátkem roku. Daň se tak nově vztahuje jen na část lesního pozemku, kde se nachází ochranný les nebo les zvláštního určení, nikoliv na celý pozemek. Zároveň se mění způsob výpočtu daně, což může zvýšit náklady na vlastnictví takových pozemků. U pozemků s ekologicky významnými prvky, jako jsou mokřady, sady nebo solitérní dřeviny, dojde k rozšíření daňového osvobození, pokud jsou evidovány v systému LPIS. Naopak pozemky mimo zastavěné území, které nejsou v LPIS registrovány, jsou daněny novou, ale nižší sazbou. V neposlední řadě si pak obce nově mohou upravovat daňové koeficienty nejen obecně, ale i pro jednotlivé typy nemovitostí nebo konkrétní lokality.
„Firmy by si měly ověřit, zda se jich tyto změny v místě, kde působí, týkají, protože mohou znamenat vyšší daňové odvody podle rozhodnutí obcí,“
doporučuje Michal Markvart.",2026-06-17T15:35:27.103272
https://www.moore-czech.cz/home-office-promenil-trh-prace-zustane-i-nadale-beznou-praxi/,Home-office proměnil trh práce. Zůstane i nadále běžnou praxí?,2025-02-26T13:38:57+00:00,2026-02-27T11:22:02+00:00,Eliška Jodasová,Tisková zpráva,"Pandemie covid-19 zásadně proměnila způsob, jakým pracujeme. Práce z domova, dříve spíše okrajový fenomén, se během pandemie stala nutností a následně trvalou součástí pracovního trhu. Nyní, když se svět i česká ekonomika stabilizovaly, se firmy i pracovníci potýkají s klíčovou otázkou: Jaká je budoucnost home-office? Je tento model udržitelný, nebo přináší rizika, která mohou ovlivnit produktivitu a […]",https://www.moore-czech.cz/wp-content/uploads/sites/3/2025/02/shutterstock_2649939383.jpg,5 minut,"Sdílet
Link copied
Autor
Eliška Jodasová
Introduction
Pandemie covid-19 zásadně proměnila způsob, jakým pracujeme. Práce z domova, dříve spíše okrajový fenomén, se během pandemie stala nutností a následně trvalou součástí pracovního trhu. Nyní, když se svět i česká ekonomika stabilizovaly, se firmy i pracovníci potýkají s klíčovou otázkou: Jaká je budoucnost home-office? Je tento model udržitelný, nebo přináší rizika, která mohou ovlivnit produktivitu a efektivitu firem?
Před pandemií covid-19 patřila Česká republika k zemím s relativně nízkou mírou využívání práce z domova. Zatímco v roce 2019 tvořil průměrný počet zaměstnanců, kteří alespoň občas pracovali z domova, v Evropské unii 16 %, v Česku takto pracovalo pouze 10 % zaměstnanců. Obvyklá pak byla práce na dálku dokonce jen pro 5 % českých pracujících
1
. Během pandemie se však tento podíl výrazně zvýšil a v důsledku ní došlo k výraznému a trvalému nárůstu využívání práce z domova.
„Před pandemií pracoval z domova každý dvacátý zaměstnanec, po ní to byl každý desátý. Tento nárůst naznačuje, že home-office se stal trvalou součástí pracovního trhu v České republice. Nemluvíme zde však o stoprocentním home-officu, ale o hybridním modelu, kdy ve většině případů zaměstnanci pracují z domova méně než polovinu pracovního týdne,“
říká Marcela Hrdá, partnerka poradenské skupiny Moore Czech Republic.
To potvrzuje i Alena Bičáková z ekonomického výzkumného pracoviště CERGE-EI, které v rámci Institutu pro demokracii a ekonomickou analýzu vydalo v lednu letošního roku studii věnovanou práci z domova.
„
Nejvíce pracují z domova lidé ve věku 25–44 let. U nich došlo k nárůstu práce z domova z 6 % na více než 12 %. Na základě preferencí vyjádřených v šetření z ledna roku 2023 by 66 % mužů a 70 % žen rádo pracovalo několik dní v týdnu z domova, nejčastěji dva nebo tři. Současně se ukazuje, že velikost firmy nehraje pro využívání práce z domova příliš velkou roli. Zásadní je odvětví daného zaměstnání. Práce z domova se logicky využívá hlavně u profesí, které z domova vykonávat lze, jako jsou informační a telekomunikační činnosti, nemovitosti, peněžnictví či pojišťovnictví,“
popisuje Alena Bičáková.
Podle studie společnosti Moore Global z konce roku 2023 mezi téměř 2 000 vedoucími pracovníky středně velkých společností ve 12 klíčových světových ekonomikách se většina firem shoduje, že hybridní práce zvyšuje produktivitu. Až 77 % vedoucích pracovníků uvedlo, že jejich firma začala po pandemii více podporovat práci na dálku, především v sektorech jako IT, finance, nemovitosti a pojišťovnictví. Naopak v odvětvích, jako je pohostinství, cestovní ruch a výroba, je home-office výjimečný. Šest z deseti respondentů pak uvedlo, že hybridní práce má pozitivní dopad na jejich produktivitu.
Příležitost pro talenty z daleka
Že práce z domova přináší řadu výhod pro zaměstnance i zaměstnavatele, není žádným tajemstvím.
„Mezi hlavní a nesporné výhody patří rozhodně flexibilita a možnost lepšího sladění pracovního a osobního života. Čas, který by zaměstnanci strávili dojížděním, mohou věnovat rodině. Navíc pokud má firma tzv. open-space kanceláře, oceňuje mnoho zaměstnanců také klid, který doma na práci mají a s ním i spojenou produktivitu, protože jsou méně rušeni než v kanceláři. Na druhé straně však home-office přináší i jisté výzvy, se kterými je potřeba počítat,“
upozorňuje Marcela Hrdá. Patří mezi ně riziko izolace, obtížnější komunikace a spolupráce s kolegy a potenciální rozmazání hranic mezi pracovním a osobním životem.
Některé studie také naznačují, že dlouhodobá práce z domova může vést k poklesu produktivity, zejména pokud nejsou nastavena jasná pravidla a struktura práce.
„Velmi záleží na komunikaci podmínek zaměstnavatele, ale také na disciplíně jednotlivých zaměstnanců. Zaměstnavatel tak musí najít systém, který mu umožní efektivně měřit výsledky svých zaměstnanců a současně motivuje zaměstnance k plnění stanovených úkolů v rámci home-office režimu,“
popisuje Marcela Hrdá.
Z dlouhodobého hlediska by ovšem nárůst využívání práce z domova mohl vést k většímu zapojení matek malých dětí na trhu práce. Dřívější návrat žen z mateřské dovolené do zaměstnání je stále ožehavé téma, flexibilita, kterou home-office umožňuje, tak může pomoci. Práce z domova také umožňuje zapojení talentů z větší dojezdové vzdálenosti, kteří by nebyli schopni denně dojíždět za zaměstnáním.
Nutnost nastavit jasná pravidla
Průzkumy ukazují, že mnoho zaměstnanců by i nadále rádo využívalo možnost práce z domova, alespoň částečně. Tento přístup může přinést to nejlepší z obou světů – flexibilitu pro zaměstnance a zachování týmové spolupráce a firemní kultury. Je však důležité, aby firmy pečlivě zvážily, zda je home-office vhodný pro charakter dané práce a zda nesníží efektivitu zaměstnanců. Klíčem k úspěšné implementaci hybridního modelu je pak jasná komunikace, nastavení očekávání a poskytnutí potřebných nástrojů a podpory pro zaměstnance.
Firmy by proto měly přistupovat k implementaci práce z domova strategicky, s ohledem na specifika svého oboru a potřeby svých zaměstnanců, aby zajistily dlouhodobou udržitelnost a efektivitu tohoto pracovního modelu.
„Postoj k práci z domova se dle zkušeností našich klientů různí. Některé firmy vyžadují návrat zpět do kanceláří s tím, že povolují svým zaměstnancům home-office na jeden den v týdnu. Na druhé straně ale například banky snížily kapacitu pracovních míst a vůbec neumožňují zaměstnancům, aby se v kanceláři potkali všichni společně. Domnívám se proto, že home-office zůstane zachován i do budoucna, nicméně jeho uchopení a benevolence v nastavení systému bude na jednotlivých zaměstnavatelích. Lze však uplatnit strukturované parametry pro měření výsledků a výstupů zaměstnanců,“
dodává Marcela Hrdá.",2026-06-17T15:35:29.888277
https://www.moore-czech.cz/nis2-se-blizi-jak-soukrome-firmy-a-verejne-instituce-pristupuji-k-aplikaci-bezpecnostni-smernice/,NIS2 se blíží. Jak soukromé firmy a veřejné instituce přistupují k aplikaci bezpečnostní směrnice?,2025-02-13T13:35:26+00:00,2026-02-27T11:24:19+00:00,Eliška Jodasová,Tisková zpráva,"Tuzemské firmy a veřejné instituce se aktuálně připravují na opatření, která vyžaduje evropská bezpečnostní směrnice NIS2. Do českého právního řádu ji implementuje nový zákon o kybernetické bezpečnosti. Ten by měl nabýt účinnosti v polovině letošního roku.1 Řada společností už proto provádí nezbytné analýzy a plánuje realizaci potřebných změn. NIS2 totiž klade na firmy zvýšené nároky především v technických a organizačních oblastech jejich každodenního fungování. Je […]",https://www.moore-czech.cz/wp-content/uploads/sites/3/2025/02/iStock-1339642949-scaled.jpg,4 minuty,"Sdílet
Link copied
Autor
Eliška Jodasová
Introduction
Tuzemské firmy a veřejné instituce se aktuálně připravují na opatření, která vyžaduje evropská bezpečnostní směrnice
NIS2.
Do českého právního řádu ji implementuje nový zákon o kybernetické bezpečnosti. Ten by měl nabýt účinnosti v polovině letošního roku.
1
Řada společností už proto provádí nezbytné analýzy a plánuje realizaci potřebných změn. NIS2 totiž klade na firmy zvýšené nároky především v technických a organizačních oblastech jejich každodenního fungování. Je ovšem stále mnoho firem, které novou směrnici zajišťující vyšší bezpečnost sítí a informačních systémů nijak neřeší. Důvodem je i to, že o ní vůbec neví. Jak ukázal nedávný průzkum poradenské skupiny Moore Czech Republic mezi více než dvěma stovkami soukromých podnikatelů, vrcholových manažerů a zaměstnanců na vyšších vedoucích pozicích napříč obory, 72 % respondentů o NIS2 doposud neslyšelo.
Proaktivní postoj ve vztahu ke směrnici NIS2 je patrný u větších firem a dotčených odvětví kritické infrastruktury. Jejich zástupci si uvědomují, že správná interpretace a implementace legislativních požadavků se neobejde bez komplexního přístupu. Celý proces přitom trvá 6 až 18 měsíců, v závislosti na velikosti organizace, její připravenosti a složitosti IT struktury. Klíčovými faktory, které mohou proces zpomalit, jsou pak nedostatečné zdroje nebo nejasná vize projektového řízení.
„Vše začíná úvodní analýzou stavu kybernetické bezpečnosti v dané firmě. Zjištěnou situaci následně porovnáváme s požadavky směrnice NIS2 – najdeme a pojmenujeme případné rozdíly a navrhujeme nutné úpravy. Ať už technického, organizačního nebo procesního rázu. Samotná implementace pak zahrnuje zavádění technologií, školení zaměstnanců i aktualizace interních směrnic. Na závěr samozřejmě testujeme, zda přijatá opatření skutečně fungují a zda jsou v naprostém souladu s NIS2,“
vysvětluje Radek Dvořáček, Manager Moore Technology CZ.
Ačkoliv řada společností již aktivně připravuje strategie a opatření, která vyplývají ze směrnice NIS2, zejména firmy a organizace v kritické infrastruktuře, ucelený plán implementace má podle výše uvedeného průzkumu jen čtvrtina organizací. Naopak 29 % z nich žádný harmonogram nemá. Firmám v tom kromě jiného brání nedostatek odborných znalostí a složitost legislativního rámce NIS2.
„Nejtěžší bývá sladění technických řešení s organizačními záležitostmi. Je tedy na místě přizvat zkušeného partnera, který s tím pomůže. Přenastaví interní procesy na míru. Postará se o výběr a nasazení vhodných technologií pro detekci hrozeb a reakci na ně. Proškolí personál. Nedílnou součástí boje proti kybernetickým útokům je také povinnost firem reportovat o incidentech úřadům a zákazníkům tak, jak směrnice určuje. I na to je dobré pamatovat,“
říká Radek Dvořáček.
Skupina Moore Czech Republic patří díky svým prokazatelným výsledkům, struktuře a oblastem působení k vyhledávaným subjektům pro aplikaci směrnice NIS2 ve firmách i státních institucích. Příkladem může být spolupráce s renomovanou strojírenskou firmou, ve které specialisté z Moore Technology CZ identifikovali klíčové mezery v kybernetické bezpečnosti, zavedli centralizovaný systém monitoringu a incident managementu, upravili interní směrnice a proškolili personál.
„Nejen že jsme těmito kroky dosáhli souladu s NIS2, zároveň jsme také výrazně eliminovali možná rizika. Klient ocenil i jasné nastavení zodpovědnosti v jednotlivých odděleních společnosti,“
popisuje Radek Dvořáček.
Firmy, které mají implementaci NIS2 zatím ještě před sebou, by se měly primárně zaměřit na počáteční analýzu rizika. Ta je totiž klíčová pro určení priorit. Současně je potřeba provést audit aktuálního stavu a zmapovat si současné schopnosti i nedostatky. A v neposlední řadě je pak nutné formulovat interní směrnice a určit odpovědné osoby. Tyto kroky výrazně zefektivní celkovou implementaci.
Podle průzkumu Moore Czech Republic ti, kdo už o směrnici vědí, hodnotí její cíle relativně pozitivně. A to jak v rovině posílení důvěry u zákazníků a obchodních partnerů, tak při zlepšování kybernetické bezpečnosti ve firmě. NIS2 má potenciál adekvátně reagovat na neoddiskutovatelnou, zvyšující se sofistikovanost kybernetických útoků.
„Důležitým preventivním aspektem pro celé odvětví je sdílení informací o kybernetických incidentech. Současně by firmy měly poskytnout maximální podporu specializovaným týmům. NIS2 vytváří pro tyto aktivity stěžejní rámec,“
vysvětluje Radek Dvořáček.",2026-06-17T15:35:32.914855
https://www.moore-czech.cz/nuzky-odmenovani-zen-a-muzu-v-cesku-jsou-porad-rozevrene/,Nůžky odměňování žen a mužů v Česku jsou pořád rozevřené,2025-01-22T13:32:38+00:00,2026-02-27T11:33:54+00:00,Eliška Jodasová,Tisková zpráva,"Mind the gap. Hlášení, které v anglicky mluvících zemích upozorňuje cestující v metru na prostorovou mezeru mezi hranou nástupiště a vlakovou soupravou. V případě odměňování mužů a žen by se toto hlášení dalo s trochou nadsázky upravit na mind the gender pay gap. Pozor na rozdíly v odměňování mužů a žen. Tuzemské firmy by ho měly vyslyšet tím spíš, že mezera mezi mzdami žen a mzdami […]",https://www.moore-czech.cz/wp-content/uploads/sites/3/2025/01/shutterstock_2070184868.jpg,4 minuty,"Sdílet
Link copied
Autor
Eliška Jodasová
Introduction
Mind the gap. Hlášení, které v anglicky mluvících zemích upozorňuje cestující v metru na prostorovou mezeru mezi hranou nástupiště a vlakovou soupravou. V případě odměňování mužů a žen by se toto hlášení dalo s trochou nadsázky upravit na mind the gender pay gap. Pozor na rozdíly v odměňování mužů a žen. Tuzemské firmy by ho měly vyslyšet tím spíš, že mezera mezi mzdami žen a mzdami mužů na srovnatelných pozicích je v České republice povážlivě široká, a to v neprospěch žen. Na to, aby se zmenšila, tlačí svými legislativními kroky Evropská unie.
Přetrvávající rozdíly v odměňování mužů a žen jsou patrné v celé Evropské unii. Jak vyplývá z dat Eurostatu, evropští muži berou v průměru o 12,7 % více než evropské ženy. V Česku se ale ona pomyslná vzdálenost dostala dokonce na 17,9 %, což představuje třetí nejhorší hodnotu v rámci Evropské unie
1
.
„Je zcela evidentní, že za takto vysokým číslem nemůže být pouze povaha daných pracovních pozic. Trh práce v Česku se dlouhodobě potýká s genderovou diskriminací, nedostatečným zastoupením žen na vedoucích místech a také s tím, že jsou to v drtivé většině právě ženy, které přebírají neplacenou péči o rodinu. Zaměstnavatelé, i když třeba často chtějí, na to stále neumějí dostatečně pružně a otevřeně reagovat. Rozdíly v odměňování mají přitom dlouhodobý dopad na kvalitu života žen, na riziko, že budou ohroženy chudobou, i na přetrvávající rozdíly ve výši důchodů, které v EU činí v průměru 30 %
2
,“
říká Marcela Hrdá, partnerka poradenské skupiny Moore Czech Republic.
Řešení jsou přitom nasnadě. Vedle nastavení transparentní odměňovací politiky a pravidelné analýzy odměňování jsou to především opatření umožňující ženám kariérně růst a skloubit práci s rodinou.
„To znamená vytvořit flexibilní pracovní podmínky, které nejenom že zajistí na pracovním trhu více žen, ale také jim dovolí být jeho stabilní součástí. S tím souvisí i školení managementu o tom, jak je možné pomocí těchto změn podporovat rovnost,“
dodává Romana Zeman, ESG manažerka společnosti Moore Advisory CZ.
Potřebu snižovat gender pay gap si uvědomují jak samotné firmy, tak představitelé Evropské unie. Brusel už schválil směrnici o transparentnosti odměňování. Ta mimo jiné požaduje vysvětlení pro situace, kdy rozdíly v odměňování mužů a žen přesáhnou ve stejné firmě 5 % a tento stav není možné objektivně zdůvodnit. Podle nových pravidel budou společnosti v EU povinny sdílet informace o vyplácených mzdách a přijmout opatření, pokud u nich rozdíl v odměňování žen a mužů přesahuje zmiňovaných 5 %. Směrnice rovněž obsahuje ustanovení o náhradě pro oběti diskriminace v odměňování a o sankcích pro zaměstnavatele, kteří pravidla porušují, včetně pokut. Do půl roku pak na základě této směrnice musí přijít náprava.
„Oznamovací povinnost, která se s touto směrnicí pojí, platí pro společnosti s více než 250 zaměstnanci od 7. června 2027 s tím, že reportovat budou příslušnému orgánu každoročně. Firmy se 150 až 249 zaměstnanci budou mít ohlašovací povinnost každé tři roky. Tříletá lhůta se týká i menších podniků, ve kterých pracuje 100 až 149 zaměstnanců, ale těm to směrnice ukládá až od roku 2031,“
vysvětluje Romana Zeman.
Dalším důležitým nástrojem pro spravedlivé ohodnocení za práci je směrnice o podávání zpráv o udržitelnosti podniků (CSRD). Ta klade důraz na snížení gender pay gap coby podstatného aspektu sociální oblasti ESG.
Skupina Moore Czech Republic poskytuje profesionální a komplexní servis v oblasti rovného odměňování. Její odborníci mají bohaté zkušenosti s přípravou dokumentace a reportů, které evropská legislativa vyžaduje. Zároveň navrhují pro firmy konkrétní kroky směřující k eliminaci mzdových rozdílů a transparentnosti celého procesu.
„Dostát legislativním povinnostem je jedna věc. Tady jde ovšem také o vytvoření spravedlivějšího pracovního prostředí. To ve výsledku posiluje firmu samotnou, stejně jako její pověst na trhu,“
uzavírá Marcela Hrdá, partnerka Moore Czech Republic.",2026-06-17T15:35:35.784506
https://www.moore-czech.cz/skupina-anacot-capital-opet-rozsiruje-sve-pusobeni-do-sveho-portfolia-ziskala-blanenskeho-vyrobce-pistoli-laugo-arms-czechoslovakia/,Skupina ANACOT CAPITAL opět rozšiřuje své působení. Do svého portfolia získala blanenského výrobce pistolí Laugo Arms Czechoslovakia,2025-01-09T13:24:41+00:00,2026-02-27T13:17:51+00:00,Eliška Jodasová,Tisková zpráva,"Strojírenská skupina ANACOT CAPITAL, za kterou stojí podnikatel Pavel Drobil, v prosinci 2024 realizovala transakci vstupu do výrobce sportovních a obranných pistolí Laugo Arms Czechoslovakia společně s fondem MaeG Investment SICAV, jenž je manažersky řízen poradenskou skupinou Moore Czech Republic. ANACOT CAPITAL získal 85% podíl ve firmě, která má mezinárodní ambice a pyšní se jedinečným designem pistole Alien. Financující bankou transakce byla J&T Banka.   Laugo Arms je česko-slovenský výrobce prémiových terčových pistolí, známý svou inovativním designem a precizním zpracováním. Vlajkovou lodí […]",https://www.moore-czech.cz/wp-content/uploads/sites/3/2025/01/shutterstock_1636251508.jpg,3 minuty,"Sdílet
Link copied
Autor
Eliška Jodasová
Introduction
Strojírenská skupina ANACOT CAPITAL, za kterou stojí podnikatel Pavel Drobil, v prosinci 2024 realizovala transakci vstupu do výrobce sportovních a obranných pistolí Laugo Arms Czechoslovakia společně s fondem
MaeG Investment SICAV
, jenž je manažersky řízen poradenskou skupinou Moore Czech Republic. ANACOT CAPITAL získal 85% podíl ve firmě, která má mezinárodní ambice a pyšní se jedinečným designem pistole Alien. Financující bankou transakce byla J
&T Banka.
Laugo Arms je česko-slovenský výrobce prémiových terčových pistolí, známý svou inovativním designem a precizním zpracováním. Vlajkovou lodí společnosti je pistole
Laugo Arms Alien
s revolučním systémem brždění závěru odběrem plynů a nejnižším uložením hlavně ze všech dostupných pistolí. Pistole je určena zejména pro sportovní střelbu. Zbraň po uvedení na výstavách (hlavní cena na největší mezinárodní výstavě zbraní SHOT Show v Las Vegas) zaznamenala komerční úspěch a Laugo Arms ji dodává do celého světa.
Společnost Laugo Arms má významný potenciál růstu a mezinárodní expanze, která vyžaduje rozsáhlé investice. Noví vlastníci jsou připravení společnost posunout zásadním způsobem, a to jak z pohledu investic, tak využití svých stávajících výrobních kapacit nebo kontaktů v mezinárodní síti.
„Fungování skupiny ANACOT CAPITAL v oblasti strojírenství dlouhodobě ukazuje, že správně a odborně řízené společnosti mají vysoký potenciál růstu i s přesahem mimo Českou republiku. V Laugo Arms vidíme nejenom možnost tržního růstu na českém a mezinárodním poli, ale ve spolupráci s bývalým majitelem Danielem Selicharem také nové vývojové možnosti, na kterých budeme společně pracovat v rámci nové entity,“
uvádí Pavel Drobil, předseda představenstva skupiny ANACOT CAPITAL.
„Spolu s ANACOT CAPITAL chceme využít výrobní kapacity společností, které vlastníme, i široké mezinárodní sítě našich obchodních kontaktů, ať už z pohledu distribuce či jiných partnerských vztahů,“
uvádí Petr Kymlička, člen investičního výboru spoluvlastníka Laugo Arms, fondu MaeG Investment SICAV.
Noví vlastníci kromě mezinárodní expanze plánují na trh přinést i výrazně zdokonalenou verzi pistole. Laugo Arms ročně prodá asi 3500 kusů ručně vyráběných sportovních pistolí značky Alien, přičemž přes 40 % obratu realizuje v USA.
Společnost
Laugo Arms Czechoslovakia
vznikla v roce 2017, kdy zahájila výrobu unikátní sportovní pistole značky Alien. Předloni utržila 8,2 milionu eur a vykázala provozní
zisk
EBITDA 2,3 milionu eur, loni by již obrat měl přesáhnout 12 milionu eur.
Skupina
ANACOT CAPITAL
se věnuje akvizicím a rozvoji exportně orientovaných tuzemských průmyslových podniků. Jeho 100% akcionářem je Pavel Drobil. Skupina 100% ovládá společnosti Trestles, Elfe, V-Nass a Triangolo a firmu Lisa Tech vlastní ze 40 procent. V roce 2023 dosáhla skupina obratu 1,9 mld korun a provozního zisku 86 mil korun.
Investiční fond
MaeG Investment SICAV
je vlastněný společností Equity Partners a manažersky řízený skupinou Moore Czech Republic. Investice realizuje zejména do středně velkých společností zaměřených na tradiční průmyslová odvětví, která disponují rozvojovým potenciálem. Do jeho portfolia spadají podíly ve společnostech Misterine, Neopharma, JP – PROLAK a společnost CZECH PRECISION FORGE, do které fond minoritně vstoupil v říjnu 2023 společně se společností Mansako, kterou ovládá podnikatel Jiří Kabelka, a skupinou CE Industries Jaroslava Strnada.",2026-06-17T15:35:38.689592
https://www.moore-czech.cz/skupina-moore-czech-republic-expanduje-na-slovensko-v-oblasti-poradenskych-sluzeb/,Skupina Moore Czech Republic expanduje na Slovensko v oblasti poradenských služeb,2024-12-19T15:22:51+00:00,2026-02-27T12:51:38+00:00,Eliška Jodasová,Tisková zpráva,"Skupina Moore Czech Republic ve spolupráci se svou sesterskou společností Moore Slovakia rozšiřuje své aktivity na Slovensku. Prostřednictvím společné firmy Moore Consulting SK vstoupila do poradenské společnosti Radvise Group, s. r. o., která své expertní služby nabízí na trhu Slovenské republiky pro klienty ze soukromého i veřejného sektoru.  Vstup do společnosti Radvise Group je pro Moore Czech Republic logickým krokem. „Mnoho našich klientů působí v České i Slovenské republice a my jim chceme poskytnout ještě větší rozsah služeb a zajistit […]",https://www.moore-czech.cz/wp-content/uploads/sites/3/2024/12/shutterstock_713632864-1-scaled.jpg,2 minuty,"Sdílet
Link copied
Autor
Eliška Jodasová
Introduction
Skupina Moore Czech Republic ve spolupráci se svou sesterskou společností Moore Slovakia rozšiřuje své aktivity na Slovensku. Prostřednictvím společné firmy Moore Consulting SK vstoupila do poradenské společnosti Radvise Group, s. r. o., která své expertní služby nabízí na trhu Slovenské republiky pro klienty ze soukromého i veřejného sektoru.
Vstup do společnosti Radvise Group je pro Moore Czech Republic logickým krokem. „
Mnoho našich klientů působí v České i Slovenské republice a my jim chceme poskytnout ještě větší rozsah služeb a zajistit jejich vyšší dostupnost přímo na Slovensku. Zároveň spatřujeme i velký potenciál slovenského trhu pro ICT a manažerské poradenství,“
vysvětluje Petr Kymlička, partner skupiny Moore Czech Republic a doplňuje: „
S kolegy z Moore Slovakia působíme už řadu let na Slovensku v oblasti služeb outsourcingu účetnictví, mezd a v daňovém poradenství. Postupně jsme své služby rozšiřovali i v oblasti strategického, finančního a ICT poradenství a vstup do úspěšné a uznávané poradenské společnosti Radvise Group zásadně rozšíří záběr našich služeb a otevře nové možnosti pro naše klienty.“
Společnost Radvise Group, pod vedením původního majitele Ivana Lužici, disponuje rozsáhlými zkušenostmi s úspěšnou realizací projektů pro široké portfolio klientů ze soukromého i veřejného sektoru. Své aktivity zaměřuje především na poskytování odborných služeb v oblasti optimalizace procesů, snižovaní provozních nákladů a celkového zvyšování výkonnosti.
Ivan Lužica se současně stává vedoucím partnerem společnosti Moore Consulting SK.
„Jsme rádi, že ve svých řadách můžeme v osobě Ivana Lužici přivítat zkušeného odborníka a manažera, který vybudoval respektovanou společnost. Pod jeho vedením by se společnost Moore Consulting SK měla ve své oblasti stát jednou z Top 10 poradenských firem na Slovensku,“
říká Petr Kymlička.
Tým Radvise Group se věnuje rovněž specifické oblasti služeb v oblasti přípravy, implementace a hodnocení projektů a programů spolufinancovaných z prostředků EU, projektové asistenci a asistenci při řízení velkých investičních projektů.
Společnost Radvise Group svým vstupem pod křídla značky Moore přináší výnosy v rozsahu přes 2 mil. EUR a rozšiřuje skupinu Moore Czech Republic o dalších 10 odborníků v oblasti management consultingu.",2026-06-17T15:35:42.374977
https://www.moore-czech.cz/zustat-efektivni-a-nezblaznit-se-moore-czech-republic-se-pripojuje-ke-svetove-iniciative-usilujici-o-snizovani-stresu-na-pracovisti/,Zůstat efektivní a nezbláznit se. Moore Czech Republic se připojuje ke světové iniciativě usilující o snižování stresu na pracovišti,2024-12-17T15:22:02+00:00,2026-02-27T12:57:20+00:00,Eliška Jodasová,Tisková zpráva,"Poradenská, auditní a technologická skupina Moore Czech Republic se spolu s mateřskou sítí Moore Global přihlásila k tzv. Mindful Business Charter. Navazuje tak na dosavadní kroky směřující k aktivní podpoře psychické pohody svých zaměstnanců a ke snižování stresu na pracovišti. Dlouhodobý stres v zaměstnání má totiž neblahý vliv na duševní i fyzické zdraví pracovníků, stejně jako na mezilidské vztahy doma i v kanceláři. Nezřídka bývá důvodem pracovní neschopnosti.   Jak […]",https://www.moore-czech.cz/wp-content/uploads/sites/3/2024/12/shutterstock_1311990062.jpg,4 minuty,"Sdílet
Link copied
Autor
Eliška Jodasová
Introduction
Poradenská, auditní a technologická skupina Moore Czech Republic se spolu s mateřskou sítí Moore Global přihlásila k tzv. Mindful Business Charter. Navazuje tak na dosavadní kroky směřující k aktivní podpoře psychické pohody svých zaměstnanců a ke snižování stresu na pracovišti. Dlouhodobý stres v zaměstnání má totiž neblahý vliv na duševní i fyzické zdraví pracovníků, stejně jako na mezilidské vztahy doma i v kanceláři. Nezřídka bývá důvodem pracovní neschopnosti.
Jak ukázalo nedávné šetření výzkumné agentury Ipsos, 6 z 10 Čechů zažívalo v uplynulém roce stres v takové intenzitě, že výrazně ovlivňoval jejich běžný život. Více než čtvrtina lidí dokonce kvůli vysoké míře stresu absentovala několik dnů v práci. Nejvíce pociťují stres zástupci Generace Z, tedy mladých lidí narozených od poloviny 90. let do roku 2010. Do zaměstnání jich následkem nadměrného stresu nemohlo v posledním roce přijít 39 %.
1
Skupina Moore Czech Republic, resp. celá síť Moore Global, se coby čerstvý člen komunity Mindful Business Charter zavazuje mimo jiné k následování řady opatření, která jsou v souladu s wellbeingem zaměstnanců. Ať už jde například o správné plánování a efektivní vedení schůzek, eliminaci zbytečných e-mailů nebo třeba respektování doby, po kterou zaměstnanci odpočívají.
„My už samozřejmě tento přístup do našeho každodenního pracovního života promítáme. Není to tak, že bychom se ke kolegyním a kolegům začali zčistajasna chovat jinak než doposud. Ale tím, že spolu s desítkami dalších světových firem můžeme být součástí tohoto hnutí, dokazujeme, jak vážně toto téma bereme a jak zásadní pro nás je. Vzájemně se také s ostatními firmami můžeme inspirovat, sdílet zkušenosti a společně přispívat ke zdravějšímu pracovnímu prostředí a k pozitivní změně,“
říká partnerka skupiny Moore Czech Republic Marcela Hrdá.
Rámec Mindful Business Charter vychází z otevřenosti a respektu jako nutného předpokladu pro bezpečnou a otevřenou kulturu a pro budování důvěry. Ruku v ruce s tím jde komunikace, ohleduplné delegování a také uvědomění, že všichni občas potřebují vypnout. Nejenom tyto principy pomáhají snižovat stres u kancelářských pracovníků, který jinak může vést k únavě, nespavosti, ale i k celkovému vyhoření. Skupina Moore Czech Republic proto pravidelně pro své zaměstnance pořádá akce a edukační workshopy, které se zaměřují na úspěšné vyvažování osobního a pracovního života.
„Nedávno jsme například spustili kurz nazvaný „Jak zůstat efektivní a nezbláznit se“. Ve spolupráci s odborníky poskytujeme kolegyním a kolegům praktické tipy, jak mohou čelit stresu, jak se soustředit na to podstatné, a přitom si najít prostor pro odpočinek. Je důležité zvládat práci tak, aniž by na to doplácelo naše zdraví nebo naše okolí. Vědomě pracovat se stresem znamená bránit mu v tom, aby nás ovládal a přebíral kontrolu nad naším životem. Ohlasy na kurz jsou velmi dobré a zájem o něj opravdu vysoký. To nás utvrzuje v tom, že toto téma rezonuje. Jsem přesvědčena, že můžeme všichni dosahovat skvělých výsledků a zároveň se cítit dobře,“
vysvětluje Ilona Pilařová, ředitelka společnosti S-COMP Centre CZ ze skupiny Moore Czech Republic.
Klíčový je při budování odolnosti proti stresu pravidelný pohyb. Zvlášť pro zaměstnance v kancelářích. Letošní rok se tak v Moore Global nesl ve znamení mise Moore to the Moon.  Jejím cílem bylo urazit společnými zaměstnaneckými silami vzdálenost odpovídající cestě na Měsíc, tzn. 384 400 km. Pěšky, na kole, během, počítá se i plavání nebo veslování. Interaktivní platforma poté propojuje absolvované kilometry se získáváním finančních prostředků pro obecně prospěšné projekty.
V obdobných iniciativách nezaostává ani Moore Czech Republic v rámci svých lokálních aktivit.
„V létě už pravidelně vyhlašujeme výzvu „WALKING CHALLENGE 10K“,“ kdy soutěžíme, kdo ujde nejvíce dnů, ve kterých dosáhne minimálně 10 tisíc kroků. Vítěz pak kromě skvělého pocitu, že udělal něco pro své zdraví, také rozhoduje, na jakou charitativní akci či organizace poputuje vybrané startovné,“
říká Marcela Hrdá.",2026-06-17T15:35:45.223260
https://www.moore-czech.cz/rekvalifikace-jako-vytah-do-vyssich-pater-profesnich-i-mzdovych-zajem-roste-podpora-nikoli/,"Rekvalifikace jako výtah do vyšších pater profesních i mzdových. Zájem roste, podpora nikoli",2024-12-05T15:21:15+00:00,2026-02-27T13:01:41+00:00,Eliška Jodasová,Tisková zpráva,"Češi málo využívají možnost absolvovat rekvalifikační kurzy. Ty přitom v současném, rychle se měnícím pracovním prostředí hrají klíčovou roli. Umožňují totiž připravit společnost na nové výzvy spojené s digitálními technologiemi. Přestože zájem o rekvalifikace roste, jejich potenciál zůstává nenaplněný. Jak ukázal Index prosperity a finančního zdraví Česka za rok 2023, během posledních čtyř měsíců před sběrem dat se rekvalifikačního […]",https://www.moore-czech.cz/wp-content/uploads/sites/3/2024/12/shutterstock_2605496977-1-1024x683.jpg,4 minuty,"Sdílet
Link copied
Autor
Eliška Jodasová
Introduction
Češi málo využívají možnost absolvovat rekvalifikační kurzy. Ty přitom v současném, rychle se měnícím pracovním prostředí hrají klíčovou roli. Umožňují totiž připravit společnost na nové výzvy spojené s digitálními technologiemi. Přestože zájem o rekvalifikace roste, jejich potenciál zůstává nenaplněný. Jak ukázal Index prosperity a finančního zdraví Česka za rok 2023, během posledních čtyř měsíců před sběrem dat se rekvalifikačního kurzu účastnilo 8,3 % Čechů ve věku 25 až 74 let. Unijní průměr je zhruba o třetinu vyšší – má hodnotu 12,7 %. Autoři této datové analýzy připomínají, že vyšší vzdělání a specializace pomáhají odklánět tuzemskou ekonomiku od principu montovny směrem k mozkovně. Situaci v dosavadním využívání rekvalifikačních kurzů by mohla zlepšit větší podpora ze strany zaměstnavatelů, a to i s ohledem na specifické věkové skupiny zaměstnanců nebo jiných zájemců o rekvalifikace.
Data Úřadu práce ČR říkají, že v prvním pololetí letošního roku nastoupilo na rekvalifikaci 20 118 lidí. V meziročním srovnání je to o 39 % uchazečů víc. Bezmála polovina rekvalifikací se uskutečnila v rámci digitálního vzdělávání financovaného prostřednictvím Národního plánu obnovy. Souvisí to i s klesajícím zájem zaměstnavatelů o nízkokvalifikované profese. Získat nové nebo prohloubit současné dovednosti tak nejčastěji chtějí lidé se základním vzděláním, vyučení a lidé s úplným středním odborným vzděláním s maturitou, ale bez vyučení.
„Každý, kdo se neustále vzdělává, zdokonaluje nebo učí něco nového a přizpůsobuje se dynamice trhu práce, je vždycky o krok napřed. Platí to o zaměstnancích, OSVČ i maminkách a tatíncích na rodičovské dovolené. S takovým přístupem jdou ruku v ruce šance na lepší práci v daném oboru, vyšší pozici, případně i práci v oboru úplně jiném. Rekvalifikační kurzy mohou být výtahem k pozitivní změně osobní, a nakonec i společenské a ekonomické,“
vysvětluje Radovan Hauk, partner poradenské skupiny Moore Czech Republic.
Uklízečka i profesionální sportovec. Další vzdělávání dává šanci každému
Nejsou to ale pouze rekvalifikace, které pro mnohé představují posun vpřed. Do hry vstupují i jiné kurzy, programy celoživotního vzdělávání nebo třeba dálkové maturitní studium.
„Studuje u nás například paní uklízečka, která si dodělává maturitu, protože chce změnit profesi. Ráda by se věnovala dětem ve speciální škole. Studium bere opravdu velmi vážně a pro jeho úspěšné dokončení dělá maximum. Měli jsme tu světově proslulého hokejistu, který díky maturitě mohl získat trenérskou licenci. A mezi maturanty najdeme i ty, které inspirovaly jejich studující děti. Tito dospěláci byli natolik úspěšní, že někteří z nich pak pokračovali i ve studiu na vysoké škole,“
říká Ilona Pilařová, jednatelka Střední školy Spektrum Mladá Boleslav, která je členem skupiny Moore Czech Republic. Na této škole se stále více promítají do online výuky tematické bloky zaměřené na základy AI a její efektivní a praktické využití. Ovládání nástrojů opírajících se o systémy umělé inteligence se stává nezbytnou způsobilostí nejenom v osobním, ale i v pracovním životě. A rekvalifikační kurzy a další studium jsou zcela zásadním článkem v této digitální transformaci společnosti.
Starší jsou pokročilí. A trhu práce mají co nabídnout
Podle údajů Úřadu práce ČR se více než polovina účastníků rekvalifikací pohybuje ve věkovém rozmezí od 35 do 55 let. Je ale nutné neopomíjet ani ty, kterým už 55 let bylo
. „Jedná se o kvalifikovanou pracovní sílu, která má zkušenosti, chuť se vzdělávat a je loajální. Personalisté by je ve vlastním zájmu rozhodně neměli přehlížet a měli by jim umět nabídnout podmínky vyhovující jejich potřebám. To ostatně potvrdil i náš vlastní dubnový průzkum, kterého se účastnilo 600 zaměstnanců starších 55 let. Při hledání uplatnění na trhu práce je pro 29,3 % respondentů důležitá flexibilní pracovní doba, 28,6 % dotázaných by ocenilo podporu v podobě školení nebo jiné formy vzdělávání, která by jim byla nápomocná při zvládání nových technologií,“
připomíná Radovan Hauk z Moore Czech Republic.
Každodenní praxe vzdělávacích institucí upozorňuje i na důležitost osobní motivace a odvahy vypořádávat se s nastalými změnami.
„U studentů se občas setkáváme s nedostatečnou podporou ze strany zaměstnavatele nebo dokonce i rodiny. Problémem bývá také nedostatek financí a času na studium nebo strach z návratu do vzdělávacího procesu. Lidé mají často pocit, že už jsou na učení staří a obávají se i nových technologií. Nicméně zastávám názor – a výsledky našich studentů jsou toho nejlepším příkladem – že nikdy není pozdě a překážky jsou od toho, aby se překonávaly,“
uzavírá Ilona Pilařová.",2026-06-17T15:35:48.598556
https://www.moore-czech.cz/esg-reportovani-podleha-novym-pravidlum-jeho-podobu-bude-od-noveho-roku-udavat-smernice-csrd/,ESG reportování podléhá novým pravidlům. Jeho podobu bude od nového roku udávat směrnice CSRD,2024-12-03T15:20:10+00:00,2026-02-27T13:05:30+00:00,Eliška Jodasová,Tisková zpráva,"Evropská směrnice CSRD (Corporate Sustainability Reporting Directive) přináší nová, přísná pravidla pro nefinanční reportování, která zásadně změní způsob, jakým firmy vykazují své aktivity v oblasti udržitelnosti. Tato regulace povinně zavádí standardizované požadavky na reportování ESG (Environmental, Social, Governance) údajů, přičemž firmy nyní musejí přinášet důvěryhodné a transparentní informace o svém vlivu na životní prostředí, společnost a vlastní firemní správu. Cílem je vytvořit […]",https://www.moore-czech.cz/wp-content/uploads/sites/3/2024/12/shutterstock_609086588-scaled.jpg,4 minuty,"Sdílet
Link copied
Autor
Eliška Jodasová
Introduction
Evropská směrnice CSRD (Corporate Sustainability Reporting Directive) přináší nová, přísná pravidla pro nefinanční reportování, která zásadně změní způsob, jakým firmy vykazují své aktivity v oblasti udržitelnosti. Tato regulace povinně zavádí standardizované požadavky na reportování ESG (Environmental, Social, Governance) údajů, přičemž firmy nyní musejí přinášet důvěryhodné a transparentní informace o svém vlivu na životní prostředí, společnost a vlastní firemní správu. Cílem je vytvořit konzistentní a srovnatelné reporty, které umožní investorům a dalším zainteresovaným stranám lépe pochopit a vyhodnotit míru udržitelného chování jednotlivých společností. Jak ale efektivně přistoupit k ESG reportování, aby nejen splnilo zákonné požadavky, ale také přineslo firmám skutečnou hodnotu a konkurenční výhodu?
Na přísnější požadavky pro ESG reportování, které vyplývají z nové směrnice CSRD, je potřeba zahájit včasnou přípravu. Doposud volně pojatým ESG reportům totiž odzvonilo a Zpráva o udržitelnosti bude mít jasná pravidla, navíc bude podléhat povinnému auditu. Pokud tedy budou data v ní nekonzistentní nebo nedostatečně transparentní, může se firma dostat do reputačních i právních problémů.
„Transparentní a přesná data jsou základem pro úspěšné reportování. Implementujte proto systémy, které vám umožní monitorovat a analyzovat dopady na životní prostředí, sociální oblast a řízení podniku, abyste byli schopni poskytovat opravdu důvěryhodné informace,“
upozorňuje Romana Zeman, ESG manažerka poradenské společnosti Moore Advisory CZ.
Firmy budou muset provést analýzu tzv. dvojí materiality (významnosti), která je základním požadavkem směrnice CSRD a bude tak povinná. Zahrnuje dva hlavní aspekty – vnější materialitu, zohledňující dopady firmy na vnější okolí, společnost a přírodu, a vnitřní materialitu, která řeší, jak okolí, životní prostředí a lidé mohou ovlivnit firmu, a identifikuje rizika a příležitosti dle standardů ESRS.
„Firmy mají tendenci význam analýzy podceňovat, ale právě ona jim pomáhá zvolit materiální témata, na která budou reportovat. Díky tomu se zaměří na oblasti, které jsou opravdu klíčové jak pro jejich sektor, tak pro jejich zúčastněné strany,“
vysvětluje Romana Zeman.
Současně dvojí materialita zajistí, že společnost už nebude zveřejňovat jen to, co se jí takzvaně hodí.
„Firmy budou muset být transparentní, ať už v metodice sběru dat, výzvách, kterým čelí, či oblastech, kde ještě není dosaženo pokroku. Budou muset komunikovat jak úspěchy, tak výzvy,“
upozorňuje Romana Zeman.
Záměrem směrnice CSRD je sjednocení podoby ESG reportů a také zamezení greenwashingu, tedy snaze prezentovat ESG aktivity jako úspěšné bez reálných výsledků. Reporty založené pouze na marketingových sloganech bez potřebných dat a opatření, které mohly vážně ohrozit důvěryhodnost firmy, se tak stanou minulostí.
„ESG reportování pro mnohé firmy představovalo pouhý marketingový nástroj, nicméně zákazníci i investoři začali být na greenwashing postupně velmi citliví.  Cílem směrnice CSRD je tak zamezit greenwashingu a zajistit transparentní reportování podložené daty. Přesně specifikované výzvy, jako je určité procento snížení emisí do roku 2030, se navíc snáze komunikují samotným zaměstnancům, ale také externím partnerům,“
říká Romana Zeman.
Důležitým krokem k úspěchu je také integrace ESG do celkové firemní strategie.
„ESG by nemělo být vnímáno jako vedlejší iniciativa nebo pouhá marketingová aktivita, ale jako klíčová součást všech rozhodovacích procesů. Pokud se ESG nestane součástí firemní kultury a není aktivně řízeno vedením, pak i sebevětší snahy nepřinesou dlouhodobý efekt. Firmy by měly zajistit, že ESG aktivity jsou zahrnuté do jejich každodenního rozhodování,“
vysvětluje Martin Buranský, Partner Moore Advisory CZ.
Do ESG procesu by také měly být zapojeny všechny relevantní týmy a zúčastněné strany. ESG je multidisciplinární téma a finanční oddělení, HR, výroba i marketing musí mít v této strategii své místo. Spolupráce napříč celou společností zajistí, že ESG nebude jen okrajovou záležitostí několika specialistů, ale stane se dlouhodobým závazkem, který zaměstnanci chápou. Navíc představuje příležitost budovat důvěru a posílit vztahy s investory, zákazníky a dalšími zainteresovanými stranami. Úspěšná implementace ESG podle CSRD pomůže firmě růst a udržet si dlouhodobou konkurenceschopnost.
Kromě povinností, které směrnice CSRD ukládá, jsou pak důležité i další kroky. Jedním z nich je například tzv. GAP analýza, která identifikuje mezery mezi současným stavem a legislativními požadavky. Díky ní firmy dokážou postupně zlepšovat oblasti, ve kterých mají v rámci reportu ještě mezery. Současně je dobré neplnit pouze základní legislativní požadavky směrnice CSRD, ale snažit se jít dál. Firmy, které vidí ESG jen jako legislativní povinnost, přijdou o výhody, které jim udržitelnost může přinést. Nestačí být v souladu – musíte být lídry v udržitelnosti.",2026-06-17T15:35:51.630788
https://www.moore-czech.cz/skupina-moore-czech-republic-opet-rozsiruje-sve-pusobeni-vstoupila-do-spolecnosti-pp-business-services-a-ak-audit/,Skupina Moore Czech Republic opět rozšiřuje své působení – vstoupila do společností PP Business Services a AK AUDIT,2024-11-26T15:17:26+00:00,2026-02-27T13:14:00+00:00,Eliška Jodasová,Tisková zpráva,"Poradenská, auditorská a technologická skupina Moore Czech Republic majetkově vstoupila v uplynulých týdnech do společností PP Business Services a AK AUDIT. Díky této akvizici dochází k posílení zejména divize Moore Accounting CZ, která se věnuje outsourcingu účetnictví, zpracování mezd a daňovému poradenství, a současně se rozšiřuje portfolio klientů divize Moore Audit CZ.  Akvizicí dalších dvou českých firem posiluje skupina Moore Czech Republic své služby v oblasti outsourcingu účetnictví, zpracování mezd, poskytování finančních služeb, daňového poradenství i statutárních auditů a v poskytování dalších auditních služeb.  Společnost PP Business Services vznikla původně spojením etablovaných právníků advokátní kanceláře AK Pavelka […]",https://www.moore-czech.cz/wp-content/uploads/sites/3/2024/11/shutterstock_2718088061.jpg,3 minuty,"Sdílet
Link copied
Autor
Eliška Jodasová
Introduction
Poradenská, auditorská a technologická skupina Moore Czech Republic majetkově vstoupila v uplynulých týdnech do společností PP Business Services a AK AUDIT. Díky této akvizici dochází k posílení zejména divize Moore Accounting CZ, která se věnuje outsourcingu účetnictví, zpracování mezd a daňovému poradenství, a současně se rozšiřuje portfolio klientů divize Moore Audit CZ.
Akvizicí dalších dvou českých firem posiluje skupina Moore Czech Republic své služby v oblasti outsourcingu účetnictví, zpracování mezd, poskytování finančních služeb, daňového poradenství i statutárních auditů a v poskytování dalších auditních služeb.
Společnost PP Business Services vznikla původně spojením etablovaných právníků advokátní kanceláře AK Pavelka s experty na oblasti účetnictví, daní a finančního řízení pod vedením jednatelky Petry Ester Jedličkové. Tyto oblasti jsou klíčovými rozvojovými směry skupiny Moore Czech Republic, kdy k rozšiřování dochází organickým růstem zákaznické báze
a akviziční činností.
„V PP Business Services jsme našli kvalitní odborníky, kteří rozšíří řady Moore Czech Republic. Naší prioritou bylo vždy nabídnout klientům profesionální služby, které mají základ ve zkušenostech z reálného podnikatelského prostředí. V tomto přístupu se s PP Business Services plně shodujeme a jsme přesvědčení, že zejména v oblasti služeb pro finanční ředitele společně uděláme další významný krok na trhu manažerského poradenství,“
uvádí řídící partner skupiny Moore Czech Republic, Petr Kymlička.
Společnost AK AUDIT byla založena v roce 1997 a od té doby si vybudovala silnou pozici v oblasti auditních a daňových služeb a outsourcingu účetnictví a mezd. Tým 15 pracovníků poskytuje své služby širokému portfoliu zákazníků, včetně kompletního servisu v zastupování před úřady.
„Auditní služby jsou součástí života mnoha společností a jejich důležitost roste. Důraz na vysokou kvalitu auditních služeb, založených na zkušeném týmu a profesionální metodice, je společným jmenovatelem služeb Moore Audit CZ a AK AUDIT. Nově nás společně čeká rozšiřování služeb v oblasti auditů ESG a udržitelnosti, kde využijeme vzájemné synergie,“
doplňuje Erik Ďurkáň, partner Moore Audit CZ.
Společnosti PP Business Services a AK AUDIT rozšiřují skupinu Moore Czech Republic o cca 25 zaměstnanců a zvyšují její výnosy o více než 22 mil. Kč ročně. Skupina Moore Czech Republic má v současné době zhruba 70 auditních odborníků a přes 110 pracovníků v oblasti outsourcingu mezd, účetnictví a daňovém poradenství.",2026-06-17T15:35:53.378752
https://www.moore-czech.cz/nis2-jako-velka-neznama-povedomi-o-klicove-smernici-pro-kyberbezpecnost-ma-jen-malokdo/,NIS2 jako velká neznámá. Povědomí o klíčové směrnici pro kyberbezpečnost má jen málokdo,2024-11-06T14:53:20+00:00,2026-02-09T15:17:08+00:00,Eliška Jodasová,Tisková zpráva,"Poslanecká sněmovna aktuálně projednává nový zákon o kyberbezpečnosti. Ten do tuzemského práva implementuje evropskou bezpečnostní směrnici NIS2, s cílem posílit firmy a veřejné instituce v boji proti kybernetickým útokům. Přestože se jedná o zásadní legislativní úpravu, která se nově dotkne tisíců společností v České republice a v různých odvětvích, povědomí o ní mají zástupci firem a veřejných institucí velmi malé. I to ukázal průzkum poradenské skupiny Moore Czech Republic, kterého se zúčastnilo přes dvě stě zaměstnanců na vyšších […]",,4 minuty,"Sdílet
Link copied
Autor
Eliška Jodasová
Introduction
Poslanecká sněmovna aktuálně projednává nový zákon o kyberbezpečnosti. Ten do tuzemského práva implementuje evropskou bezpečnostní směrnici NIS2, s cílem posílit firmy a veřejné instituce v boji proti kybernetickým útokům. Přestože se jedná o zásadní legislativní úpravu, která se nově dotkne tisíců společností v České republice a v různých odvětvích, povědomí o ní mají zástupci firem a veřejných institucí velmi malé. I to ukázal průzkum poradenské skupiny Moore Czech Republic, kterého se zúčastnilo přes dvě stě zaměstnanců na vyšších vedoucích pozicích, šéfů podniků, soukromých podnikatelů nebo vrcholových manažerů napříč obory, jako jsou telekomunikace, zdravotnictví, finance, průmysl či státní správa.
Česká republika zavádí evropskou směrnici NIS2 (Network and Information System Directive 2) novým zákonem o kybernetické bezpečnosti. Ten vychází z už existujícího, dle Národního úřadu pro kybernetickou a informační bezpečnost kvalitně zpracovaného zákona o kybernetické bezpečnosti z roku 2014. Vláda předlohu schválila v létě letošního roku a po prvním čtení ve Sněmovně ji nyní v rámci legislativního procesu projednávají příslušné výbory. V platnost by měl nový zákon vstoupit příští rok, některé jeho povinnosti ale budou mít roční přechodnou lhůtu. Jak ve svém průzkumu zjistila skupina Moore Czech Republic, o nové směrnici NIS2 zajišťující vyšší bezpečnost sítí a informačních systémů zatím neslyšely bezmála tři čtvrtiny respondentů.
„Z průzkumu, který jsme v říjnu realizovali, vyplynulo, že povědomí o směrnici NIS2 je opravdu malé. 72 % respondentů o směrnici NIS2 doposud neslyšelo. Ti, kdo se o NIS2 doslechli, pak o ní ve 39 % případů ví pouze částečně, ve 14 % málo a 5 % dotázaných je v tomto směru téměř bez znalostí. Přitom se jedná o právní úpravu, která přináší důležité regulatorní změny. A to pro značné množství soukromých i veřejných subjektů,“
říká Radek Dvořáček, Manager Moore Technology CZ.
NIS2 kromě jiného definuje poskytovatele regulované služby, kteří se musejí ohlásit Národnímu úřadu pro kybernetickou a informační bezpečnost, zavádět bezpečnostní opatření v režimu předepsaných povinností nebo informovat úřady a zákazníky o kybernetických bezpečnostních incidentech. Které konkrétní kroky bude nutné v soukromých i státních organizacích v souvislosti s novým zákonem o kybernetické bezpečnosti a směrnicí NIS2 přijmout, o tom má detailní přehled jen 18 % účastníků výše uvedeného průzkumu.
Jak připomíná Svaz průmyslu a dopravy České republiky, působnost směrnice, resp. nového zákona, zahrne místo původních několika málo stovek subjektů až 10 tisíc společností. Namátkou – výrobce a prodejce elektrické energie, komerční letecké dopravce, nemocnice, dodavatele a distributory pitné vody i ústřední orgány státní správy. Ti se na nové povinnosti se budou muset dobře připravit. Ať už auditem současného stavu kybernetické bezpečnosti, aktualizací interních procesů nebo třeba spuštěním nových technologií.
„Z našeho průzkumu vyšlo najevo, že komplexní plán pro implementaci požadovaných opatření má pouze čtvrtina organizací. Naopak 29 % jich žádný harmonogram vůbec nemá. Samozřejmě nás také zajímalo, co firmám a institucím brání v tom, aby opatření implementovaly. Mezi ty největší překážky, které respondenti uváděli, patří vedle chybějících financí nedostatek odborných znalostí a složitost legislativních požadavků. Na nedostatek finančních prostředků si stěžovalo 50 % respondentů, 49 % zmiňovalo jako překážku nedostatek odborných znalostí, složitost legislativních požadavků zmínilo 41 % odpovídajících,“
jmenuje Radek Dvořáček.
Mezi respondenty, kteří o směrnici NIS2 vědí, je nicméně samotná směrnice vnímána relativně pozitivně. 23 % respondentů chápe NIS2 jako výraznou příležitost pro posílení důvěry zákazníků a obchodních partnerů ve své společnosti, za částečnou ji označilo 44 %. Jako výrazný přínos pro zlepšení kybernetické bezpečnosti ve firmě ji vnímá 24 % respondentů, 45 % ji označilo za částečně přínosnou.
Některá opatření vyplývající ze směrnice NIS2 přitom firmy již do svých procesů implementovaly. „
Opatření, která nová směrnice EU přináší, je mnoho. Ne všechna jsou ovšem pro firmy úplnou novinkou. Pravidelná školení zaměstnanců v oblasti kybernetické bezpečnosti zajišťuje 62 % firem, pravidelné zálohy dat provádí 49 %, běžné je také zabezpečení sítí a systémů proti kybernetickým útokům či používání vícefaktorového ověření identity. Naopak zavedení incident response plánu či hlášení incidentů NÚKIB, respektive národnímu CERT, je ve firmách spíše výjimkou,“
uvádí Miloslav Rut, partner společnosti Moore Technology CZ.
Skupina Moore Czech Republic má s implementacemi právních předpisů do každodenní firemní praxe bohaté zkušenosti. Její odborníci zajišťují potřebné právní analýzy a poradenství, které aplikují s ohledem na převažující činnost dané entity. Identifikují pomyslné trhliny kybernetické bezpečnosti a navrhují efektivní postupy řešení. Působí ve veřejném i v privátním sektoru.",2026-06-17T15:35:56.383160
https://www.moore-czech.cz/firmy-vstupuji-do-nove-ery-povinneho-esg-reportingu-duvodem-je-smernice-csrd/,Firmy vstupují do nové éry povinného ESG reportingu. Důvodem je směrnice CSRD,2024-10-14T14:51:33+00:00,2026-02-09T14:52:06+00:00,Eliška Jodasová,Tisková zpráva,"Evropské firmy zažívají v oblasti ESG reportingu velké změny. S příchodem směrnice CSRD (Corporate Sustainability Reporting Directive) totiž budou muset povinně reportovat své nefinanční aktivity. Nové předpisy výrazně rozšiřují povinnosti firem v oblasti transparentnosti a vyžadují, aby firmy nejen vykazovaly své environmentální a sociální aktivity a procesy a systémy řízení podniku, ale také integrovaly principy udržitelnosti do svého každodenního strategického rozhodování.   Směrnice CSRD je odpovědí Evropské […]",,4 minuty,"Sdílet
Link copied
Autor
Eliška Jodasová
Introduction
Evropské firmy zažívají v oblasti ESG reportingu velké změny. S příchodem směrnice CSRD (Corporate Sustainability Reporting Directive) totiž budou muset povinně reportovat své nefinanční aktivity. Nové předpisy výrazně rozšiřují povinnosti firem v oblasti transparentnosti a vyžadují, aby firmy nejen vykazovaly své environmentální a sociální aktivity a procesy a systémy řízení podniku, ale také integrovaly principy udržitelnosti do svého každodenního strategického rozhodování.
Směrnice CSRD je odpovědí Evropské unie na rostoucí potřebu transparentnosti v oblasti udržitelnosti. Oproti předchozí směrnici NFRD (Non-Financial Reporting Directive), která se vztahovala pouze na omezený počet velkých společností, CSRD výrazně rozšiřuje svůj dosah.
„CSRD se vztahuje na všechny velké firmy v Evropské unii, které splňují alespoň dvě ze tří kritérií – mají více než
250 zaměstnanců, jejich roční obrat přesahuje
50 milionů eur
a jejich aktiva čítají přes
25 milionů eur. To představuje výrazné rozšíření povinností oproti předchozím předpisům.
V České republice se směrnice dotkne odhadem 250 firem
1
. V rámci Evropy se však očekává, že do roku 2026 bude mít povinnost vykazovat své ESG aktivity více než
50 000,“
vysvětluje Romana Zeman, ESG manažerka poradenské společnosti Moore Advisory CZ.
Velké podniky, které již podléhají směrnici NFRD, budou muset podle CSRD reportovat už za fiskální rok 2024. V případě, že má společnost fiskální rok, který se neshoduje s kalendářním, musí reportovat za fiskální rok začínající po 1. lednu 2024. Další velké společnosti, které nejsou dosud pokryty směrnicí NFRD, ale splňují alespoň dvě ze tří zmiňovaných kritérií, budou muset začít reportovat za fiskální rok 2025 a svoji první zprávu o udržitelnosti tak vydají v roce 2026. Na malé a střední podniky (SME) kotované na burze se pak povinnost vztahuje až od roku 2026, s možností dobrovolného odkladu o dva roky, tedy do roku 2028.
Klíčových požadavků obsahuje směrnice CSRD hned několik. V první řadě budou firmy povinné vykazovat své ESG aktivity podle jednotných evropských standardů ESRS
(European Sustainability Reporting Standards), které zajišťují konzistenci a srovnatelnost ESG dat napříč evropskými státy. To by mělo investorům a dalším zainteresovaným stranám usnadnit srovnávání firem. Standardy pokrývají širokou škálu témat, od environmentálních dopadů (např. emise skleníkových plynů) po sociální (pracovní podmínky, diverzita) a správní aspekty (firemní řízení a transparentnost).
Nově firmy budou muset ESG data také nechávat ověřovat nezávislou stranou, aby se zvýšila důvěryhodnost a přesnost vykazovaných údajů. Požadavky CSRD pak zmiňují také tzv. dvojí materialitu – klíčový koncept v rámci ESG reportingu zajišťující, aby firmy braly v úvahu nejen to, jak jejich aktivity ovlivňují svět kolem nich, ale i jak vnější faktory ovlivňují samotné podnikání firem. Dvojí materialita tedy zahrnuje dva hlavní aspekty – vnější materialitu, která zohledňuje dopady firmy na okolí, a vnitřní materialitu, která se naopak věnuje dopadům vnějších faktorů na firmu. Tyto dva pohledy společně vytvářejí komplexní obraz, který firma musí v rámci CSRD sledovat.
Směrnice
tak představuje zásadní milník pro firmy po celé Evropě.
„Její nové předpisy nejen rozšiřují povinnosti firem v oblasti reportování, ale také vytvářejí příležitosti pro firmy, které chtějí být lídry v oblasti udržitelnosti. ESG již není jen o dodržování pravidel – stává se klíčovým prvkem pro strategické řízení firem a jejich dlouhodobý úspěch. Jedná se tak skutečně o novou éru povinného ESG reportingu,“
říká Romana Zeman.
Firmy, které efektivně integrují ESG do svého podnikání, čelí menším rizikům, mají lepší přístup ke kapitálu a získávají vyšší důvěru investorů, zákazníků i zaměstnanců. Implementace ESG sice vyžaduje jisté náklady, protože firmy musejí investovat do nových systémů a procesů pro správu ESG dat, tyto investice však vedou k vyšší důvěryhodnosti u investorů a lepší připravenosti na budoucí regulace.
Zlepšení reputace a důvěryhodnosti firmy je pak jeden z hlavních benefitů implementace ESG. Firmy jsou díky němu totiž lépe vnímány na trhu a stávají se atraktivnějšími.
„ESG se v posledních letech ukazuje být klíčovým kritériem pro investory. Ti stále častěji upřednostňují firmy s transparentními a udržitelnými strategiemi. Klimatická změna a s ní související environmentální otázky jsou společensky důležitým tématem, které rezonuje nejen v médiích. Potřeba řešit dopad podnikání na přírodu s ohledem na změny klimatu tak nabývá na síle, na uhlíkovou stopu se často ptají kromě investorů i koncoví zákazníci. Tento trend vnímáme i mezi našimi klienty, kteří vyhledávají firmy s transparentními a udržitelnými strategiemi. Svoje portfolio chtějí mít čisté,“
dodává Martin Buranský, partner poradenské skupiny Moore Czech Republic.",2026-06-17T15:35:59.201707
https://www.moore-czech.cz/novela-zakona-o-dph-prislib-zjednoduseni-provazeji-obavy-z-nadmerneho-papirovani/,Novela zákona o DPH: Příslib zjednodušení provázejí obavy z nadměrného papírování,2024-08-28T14:49:49+00:00,2026-02-09T14:50:31+00:00,Eliška Jodasová,Tisková zpráva,"Poslanecká sněmovna se po prázdninách vrací k projednávání novely zákona o dani z přidané hodnoty. Jde o rozsáhlou úpravu z dílny ministerstva financí, která do současné legislativy vnáší řadu větších i menších změn. Ty zásadnější se týkají například obratových parametrů určujících povinnost registrovat se jako plátce DPH, evidence splatnosti závazků nebo novinek ve stavebnictví. Na jedné straně novela slibuje zjednodušení dosavadních postupů, na straně druhé bude – zejména pro drobné podnikatele – znamenat větší administrativní zátěž. Fungování větších podniků naopak po této stránce výrazněji neovlivní.   Zákonodárci projednali novelu zatím […]",,4 minuty,"Sdílet
Link copied
Autor
Eliška Jodasová
Introduction
Poslanecká sněmovna se po prázdninách vrací k projednávání novely zákona o dani z přidané hodnoty. Jde o rozsáhlou úpravu z dílny ministerstva financí, která do současné legislativy vnáší řadu větších i menších změn. Ty zásadnější se týkají například obratových parametrů určujících povinnost registrovat se jako plátce DPH, evidence splatnosti závazků nebo novinek ve stavebnictví. Na jedné straně novela slibuje zjednodušení dosavadních postupů, na straně druhé bude – zejména pro drobné podnikatele – znamenat větší administrativní zátěž. Fungování větších podniků naopak po této stránce výrazněji neovlivní.
Zákonodárci projednali novelu zatím v prvním čtení. Nyní přebírá pomyslnou štafetu rozpočtový výbor Sněmovny. Projde-li novela legislativním procesem, měla by být účinná od 1. ledna 2025. Počínaje tímto datem tak dojde k úpravě výpočtu obratu firem pro povinnou registraci k DPH. Dvoumilionový limit zůstává, ale místo dvanácti bezprostředně předcházejících a po sobě jdoucích kalendářních měsíců se výše obratu stanoví za kalendářní rok. Pokud tedy podnikatel nebo firma v daném roce bude mít obrat vyšší než dva miliony korun, je od počátku roku následujícího plátcem DPH.
Jiná situace ovšem nastává v případě, že obrat překročí 2 536 500 korun, což je hodnota odpovídající společné unijní částce 100 tisíc eur. V tu chvíli se subjekty stávají plátci hned druhý den.
„Skutečnost, že se podnikatelé nemusejí zabývat průběžným sledováním překročení obratu během roku, je pro ně určitě dobrou zprávou. Nepatrně ji ale kalí evropský, jen o něco málo vyšší limit 2 536 500 korun a s ním spojený požadavek být plátcem DPH hned následující den. Tady vzniká prostor pro nemálo procedurálních komplikací. Až praxe a prováděcí opatření a přístup finanční správy ukážou, do jaké míry to pro podnikatele bude ulehčení jejich práce, nebo nepříjemný byrokratický úkon,“
vysvětluje ředitel regionální kanceláře Praha ve společnosti Moore Accounting CZ a daňový poradce Michal Markvart.
Vrácení odpočtu jen při splacených závazcích
Další důležitou změnou, se kterou předkládaná novela počítá, je evidence splatnosti závazků u plátců DPH. Jestliže totiž odběratel neuhradí dodavateli závazek do šesti měsíců po jeho splatnosti, bude muset vrátit uplatněný odpočet daně.
„Zde opět vyvstává problém s možnou administrativní náročností při sledování a dodržování tohoto opatření. A to nejenom pro drobné podnikatele, ale i pro skupiny firem, které svoje vzájemné pohledávky a závazky vyrovnávají hromadně. Například formou zápočtu, kdy dochází pouze k úhradě rozdílu mezi přijatou a vydanou fakturou,“
říká Michal Markvart.
Nové lhůty a definice pro bytovou i nebytovou výstavbu
Novelizovaný zákon o dani z přidané hodnoty se dále celkem obsáhle zaměřuje na oblast stavebnictví. Kromě jiného zkracuje lhůtu pro zdanění prvního převodu nemovitosti, a to ze současných pěti let na dva roky (resp. na 23 měsíců) od jejího dokončení nebo od provedení podstatné změny stavby. S tím souvisí i nová definice této podstatné změny. Bude to muset být taková změna, která navýší hodnotu nemovitosti o více než 30 %. Obměněné podoby se dočká i definice sociálního bydlení nebo definice stavebního pozemku – ta přesně vymezuje, kdy může být dodání pozemku osvobozeno od DPH, a opírá se o potřebnou dokumentaci obecních nebo stavebních úřadů.
„Nabízí se úvaha, že ve výsledku by tyto úpravy mohly mít pozitivní dopad na ceny novostaveb. Je ale nutné vzít v potaz všechny faktory, které se do cen nemovitostí promítají. Připomeňme, že v Česku je, v porovnání s ostatními státy Evropské unie, nejhorší finanční dostupnost bydlení. Lidem u nás trvá v průměru 15 let, než si na vlastní bydlení naspoří. Pro srovnání – Belgičanům, kteří se mohou pyšnit nejlepší finanční dostupností bydlení, stačí na pořízení nového bytu 6,5 ročních platů.
1
Stejně tak pokud jde o délku stavebního řízení, jsme s 246 dny ve spodní části žebříčku. Nedá se tedy očekávat, že by předkládaná novela v tomto směru přinesla výrazné zlepšení,“
uzavírá Michal Markvart ze společnosti Moore Accounting CZ.",2026-06-17T15:36:02.370784
https://www.moore-czech.cz/zmeny-v-dpp-a-dpc-mohou-mit-negativni-dopad-na-flexibilitu-zamestnavani-v-cesku/,Změny v DPP a DPČ mohou mít negativní dopad na flexibilitu zaměstnávání v Česku,2024-07-15T14:48:30+00:00,2026-02-09T14:49:30+00:00,Eliška Jodasová,Tisková zpráva,"Od 1. července vstoupily v platnost nové změny týkající se dohody o provedení práce (DPP) a dohody o pracovní činnosti (DPČ). Mimo zvýšení minimální mzdy a rozšíření práv zaměstnanců pracujících na základě DPP a DPČ, například v oblasti dovolené a zaměstnaneckých výhod, přináší významnou změnu v podobě povinnosti zaměstnavatele oznámit každý měsíc DPP na ČSSZ. Tato povinnost bude mít na administrativu firem výrazný dopad.  Oznamovací povinnost se týká všech DPP, včetně těch s […]",,5 minut,"Sdílet
Link copied
Autor
Eliška Jodasová
Introduction
Od 1. července vstoupily v platnost nové změny týkající se dohody o provedení práce (DPP) a dohody o pracovní činnosti (DPČ). Mimo zvýšení minimální mzdy a rozšíření práv zaměstnanců pracujících na základě DPP a DPČ, například v oblasti dovolené a zaměstnaneckých výhod, přináší významnou změnu v podobě povinnosti zaměstnavatele oznámit každý měsíc DPP na ČSSZ. Tato povinnost bude mít na administrativu firem výrazný dopad.
Oznamovací povinnost se týká všech DPP, včetně těch s příjmem do 10 000 Kč, které nejsou účastny na pojistném. Zaměstnavatel musí DPP oznámit na ČSSZ do 20. dne následujícího měsíce. Současně musí také ohlašovat nástup i skončení zaměstnání, a to na předepsaném tiskopisu Výkazu DPP spolu s příjmy. Samotný režim DPP se přitom od 1. července 2024 nezměnil, limit 10 000 Kč zůstal zachován i nadále.
Na první pohled nevýrazná změna v oznamovací povinnosti však bude mít na firmy silný dopad, zejména pokud jde o zvýšení nákladů na administrativu a časovou náročnost.
„Očekávám, že ve firmách citelně naroste čas, který stráví evidencí a zpracováním měsíčních změn v rámci oznamovací povinnosti. Firmy budou muset investovat do úpravy stávajících či pořízení nových systémů a patřičně zaškolit své zaměstnance, aby zajistily včasné a správné hlášení všech dohod o provedení práce. Jinými slovy tento nový požadavek na měsíční ohlašování přidá další administrativní vrstvu, což povede k nárůstu nákladů na personální oddělení a zvýšení pracovní zátěže pro administrativní pracovníky,“
říká Marcela Hrdá, partnerka Moore Czech Republic.
Úmysl dobrý, provedení v praxi je však nejisté
Původně možná dobře zamýšlené změny tak budou zřejmě mít negativní dopad na flexibilitu zaměstnávání v České republice, zejména pokud jde o zaměstnávání formou dohody o provedení práce.
„Povinnost měsíčního hlášení všech dohod o provedení práce na ČSSZ zvýší administrativní zátěž pro zaměstnavatele, což může vést k tomu, že někteří zaměstnavatelé budou méně ochotni využívat tuto formu zaměstnání. Dodatečná administrativa a náklady spojené s evidencí a zpracováním měsíčních změn mohou odradit firmy od využívání dohod o provedení práce pro krátkodobé a dočasné úkoly. Tak ale nebudou schopné rychle a efektivně reagovat na měnící se potřeby trhu,“
vysvětluje Michal Šesták, daňový poradce Moore Accounting CZ.
Snížení celkové flexibility pracovního trhu přitom může mít širší dopady na dynamiku zaměstnávání v České republice. Firmy budou muset přehodnotit své strategie v oblasti náboru a řízení pracovních sil, aby se přizpůsobily novým legislativním požadavkům a minimalizovaly dodatečné administrativní náklady. To však může vést k tomu, že začnou hledat alternativy k dohodám o provedení práce a dohodám o pracovní činnosti. Mohou například zvýšit svou preferenci pro uzavírání hlavních pracovních poměrů, nebo naopak více tlačit na využívání externí spolupráce v podobě smluv s OSVČ.
„Motivace vlády k zavedení změn je jasná. Pokud firmy přijmou nové povinnosti a budou důsledně hlásit všechny dohody, mělo by to vést ke zvýšení transparentnosti a zlepšení podmínek pro zaměstnance. Vzhledem k demografickému vývoji v České republice a rychle se měnícímu pracovnímu trhu díky zdokonalování technologií bych však ráda viděla i větší podporu flexibilních pracovních úvazků. Myslím si, že to je téma, které by si z legislativního hlediska zasloužilo pozornost,“
dodává Marcela Hrdá.
Možností, jak zvýšit flexibilitu pracovního trhu, je mnoho
Ačkoliv si Česká republika v porovnání s ostatními státy EU stojí v oblasti flexibility pracovního trhu relativně dobře, stále existují oblasti, kde je prostor pro zlepšení. V některých zemích EU, například v Nizozemsku nebo Dánsku, je flexibilita pracovního trhu vyšší díky lépe nastaveným právním a administrativním rámcům, které podporují různé formy zaměstnávání, jako jsou zkrácené úvazky a práci na dálku. Změnu k flexibilnějšímu pracovnímu prostředí si vyžádala jak pandemie covid-19, tak i nástup generace Z do zaměstnání.
„Ačkoliv jsou zaměstnavatelé o něco ochotnější nabízet zkrácené úvazky, než tomu bylo dříve, Česko ani zdaleka nedosahuje unijního průměru. Zatímco u nás tvoří zkrácené úvazky 6 %, průměr v EU vychází na 13,7 %. Příkladem pak může být Nizozemsko, kde zkrácené úvazky tvoří dokonce 42,6 % všech pracovních poměrů
1
,“
popisuje Aneta Martišková, členka vedení společnosti Edenred.
Ty by přitom mohly být řešením i pro matky.
„
Míra zaměstnanosti matek ve věku 20-49 let s jedním dítětem do 6 let je v Česku 39 %, zatímco v EU je to 70 %.
Pandemie covid-19 navíc ukázala, že životaschopnou alternativou k tradičním formám zaměstnání je i práce na dálku. Jak vyplynulo z průzkumu Recruitment Academy a společnosti Edenred
2
, pracovat z domova nyní umožňuje zaměstnancům 9 z 10 firem, výrazně se však liší podmínky, za kterých tento benefit poskytují. Tři a víc dnů v týdnu jich umožňuje zaměstnancům z domova pracovat jen 19,5 %,“
dodává Aneta Martišková.
Další možnosti, jak pomoci zvýšit flexibilitu českého pracovního trhu, vyplynuly i z výzkumu Moore Czech Republic, který se zaměřil na zaměstnávání osob starších 55 let. Ti by například ocenili flexibilnější pracovní dobu, která by jim umožnila lepší sladění pracovního a osobního života zaměstnanců. Zájem o ni uvedlo 29,3 % respondentů. V některých zemích EU jsou přitom zcela běžné modely práce s flexibilním začátkem a koncem pracovní doby nebo možnost práce na zkrácený úvazek.
Důležitá je také podpora celoživotního vzdělávání. Flexibilní pracovní trh vyžaduje zaměstnance, kteří jsou schopni se rychle přizpůsobovat novým technologiím a pracovním podmínkám, což může být například pro zaměstnance starší 55 let problém. Zájem o podporu v oblasti zvládání nových technologií, jako je školení nebo jiná forma vzdělávání zaměřená na zvládání nejnovějších technologií a digitálních nástrojů, vyjádřilo v průzkumu 28,6 % z nich. Investice do celoživotního vzdělávání a rekvalifikací by zvýšily konkurenceschopnost pracovní síly a pomohly zaměstnancům lépe se orientovat na dynamickém pracovním trhu.",2026-06-17T15:36:04.433689
https://www.moore-czech.cz/udrzitelnost-energetickych-firem-zacina-z-pohledu-investoru-hrat-prim/,Udržitelnost energetických firem začíná z pohledu investorů hrát prim,2024-06-12T14:46:41+00:00,2026-02-09T14:47:19+00:00,Eliška Jodasová,Tisková zpráva,"Důležitost přechodu od fosilních paliv k obnovitelným zdrojům energie nabírá na síle a stává se v energetických firmách tématem číslo jedna. Na udržitelnost se totiž stále častěji ptají investoři, kteří ji při rozhodování, kam své peníze vloží, zohledňují. Podniky proto tlačí na implementaci nových technologií a zrychlování přechodu k obnovitelným zdrojům.  Tempo zrychlilo i poté, co světoví lídři na klimatickém summitu COP28 v Dubaji na konci loňského roku nečekaně přechod k čisté energii podpořili. Padesát největších ropných […]",,3 minuty,"Sdílet
Link copied
Autor
Eliška Jodasová
Introduction
Důležitost přechodu od fosilních paliv k obnovitelným zdrojům energie nabírá na síle a stává se v energetických firmách tématem číslo jedna. Na udržitelnost se totiž stále častěji ptají investoři, kteří ji při rozhodování, kam své peníze vloží, zohledňují. Podniky proto tlačí na implementaci nových technologií a zrychlování přechodu k obnovitelným zdrojům.
Tempo zrychlilo i poté, co světoví lídři na klimatickém summitu COP28 v Dubaji na konci loňského roku nečekaně přechod k čisté energii podpořili. Padesát
největších ropných a plynárenských společností se zavázalo dosáhnout do roku 2030 téměř nulových emisí metanu a do roku 2050 nulových emisí uhlíku při využívání a výrobě energie.
„Komuniké signalizující odklon od fosilních paliv představuje první dohodu o postupném odchodu od uhlí, ropy a plynu za téměř tři desetiletí vyjednávání,“
upozorňuje Petr Nakládal, senior manager Energy Portfolio Management, člen skupiny Moore Czech Republic.
„Agenda udržitelnosti je v dnešní době sice pevně zakotvena v každé správní radě, tlak na firmy nicméně sílí. Pro investory je velmi důležitá transparentnost v oblasti ESG, pravidelný reporting a audity. Po firmách vyžadují jasnou strategii, jak využívání udržitelné energie v provozech zvýší,“
dodává Petr Nakládal.
Energetické firmy proto hojně investují do technologií a postupů, které zvyšují energetickou účinnost provozů. Patří mezi ně využívání pokročilých monitorovacích systémů, energeticky účinných zařízení a zdokonalení procesů minimalizujících spotřebu energie. Mnoho starší infrastruktury chtějí firmy nahradit účinnějšími a ekologičtějšími procesy – například využíváním solární energie k výrobě páry pro zvýšenou těžbu ropy.
„S analýzou technologií, jejich uvedením v praxi a vyhodnocováním efektivity firmám pomáhá AI. I tak ale bude pro podniky nesmírně náročné dosáhnout stanovených cílů a dodržet daný harmonogram. Většinu technologií potřebných k minimalizaci spotřeby energie a snížení uhlíkové stopy je totiž třeba ještě zdokonalit, případně teprve vytvořit a implementovat,“
vysvětluje Petr Nakládal.
Důležitost energetické transformace si uvědomuje i česká vláda, která v závěru loňského roku schválila přelomovou novelu energetického zákona známou jako Lex OZE II. Novela otevírá cestu ke vzniku společenstev, v jejichž rámci mohou subjekty veřejného sektoru, domácnosti a podniky sdílet mezi sebou elektrickou energii.
„Růst cen energií ještě více zdůraznil důležitost strategického řešení energetiky, trend komunální energetiky je tak na vzestupu. Prvním krokem ke komunální energetice je však zpracování místní energetické koncepce,“
říká Tomáš Křapáček, senior manager Moore Advisory CZ, který se specializuje na energetiku municipalit.
V loňském roce Moore Advisory CZ spolupracovala na optimalizaci energetického portfolia ve více než dvou desítkách měst a obcí.
„Díky zpracování
místní energetické koncepce získají obce a města kompletní přehled o energetické bilanci svého území a identifikují oblasti, kde dosahují nejvyšší nehospodárnosti. Financování zpracování místní energetické koncepce Ministerstvem průmyslu a obchodu tak pomůže samosprávám zajistit koncepční řešení,“
dodává Tomáš Křapáček.
Podle MPO decentralizace energetiky, ke které komunitní energetika přispěje, dá veřejnosti možnost vyrobenou elektrickou energii efektivně spotřebovávat na lokální úrovni, respektive v blízkosti míst výroby. Ministerstvo průmyslu a obchodu (MPO) financuje podporu zpracování místní energetické koncepce z Národního plánu obnovy. Samosprávy o ni mohou žádat až do 30. června 2025 nebo do vyčerpání alokace.",2026-06-17T15:36:07.670714
https://www.moore-czech.cz/i-pres-vyrazny-rust-cen-nemovitosti-realitni-bublina-v-cr-nehrozi/,I přes výrazný růst cen nemovitostí realitní bublina v ČR nehrozí,2024-06-05T14:44:39+00:00,2026-02-09T14:45:36+00:00,Eliška Jodasová,Tisková zpráva,"Ceny nemovitostí v České republice v posledních letech výrazně rostou, zejména ve velkých městech a jejich okolí. Tento růst je způsoben kombinací faktorů, jako je nedostatečná nabídka nových bytů, nižší úrokové sazby hypotečních úvěrů a rostoucí poptávka, ať už ze strany investorů nebo zájemců o vlastní bydlení. Mimořádnou situaci na českém realitním trhu potvrzují také nová data evropského statistického úřadu Eurostat: v letech 2010 až 2022 zdražily byty a domy v ČR o […]",,4 minuty,"Sdílet
Link copied
Autor
Eliška Jodasová
Introduction
Ceny nemovitostí v České republice v posledních letech výrazně rostou, zejména ve velkých městech a jejich okolí. Tento růst je způsoben kombinací faktorů, jako je nedostatečná nabídka nových bytů, nižší úrokové sazby hypotečních úvěrů a rostoucí poptávka, ať už ze strany investorů nebo zájemců o vlastní bydlení. Mimořádnou situaci na českém realitním trhu potvrzují také nová data evropského statistického úřadu Eurostat: v letech 2010 až 2022 zdražily byty a domy v ČR o 126 procent. Průměrný nárůst v zemích Evropské unie je přitom pouhých 47 procent.
Z dat Eurostatu dále vyplývá, že ruku v ruce s cenami nemovitostí šlo nahoru také nájemné, i když ne tak výrazně. V Česku vzrostlo o více než třetinu, průměr v EU činil 18 procent. České domácnosti na bydlení vynakládají v průměru 19,7 procenta svých příjmů, přibývá však domácností, které za střechu nad hlavou platí i přes 40 procent příjmů. Mezi lety 2022 a 2023 vzrostl jejich podíl z 10,6 na 13,2 procenta.
„
V poslední době jsme svědky častých zpráv o realitní bublině a hrozícím kolapsu trhu s nemovitostmi. Je pravdou, že ceny nemovitostí v posledních letech výrazně vzrostly, zejména ve velkých městech. Poptávka po nemovitostech je stále vysoká, zatímco nabídka nových bytů zůstává omezená, což tlačí ceny dále vzhůru,“
říká Bedřich Skalický, který se v poradenské společnosti Moore Advisory CZ specializuje na realitní trh.
Špatnou situaci na českém trhu potvrzuje i Tomáš Odstrčil, analytik projektu Evropa v datech, který pravidelně s Českou spořitelnou vypracovává Index prosperity a finančního zdraví. Ačkoliv se v porovnání s ostatními evropskými zeměmi Česku skvěle daří v oblasti zdravotnictví a obrany, u bydlení zaostává nejvíce.
„Index prosperity v rámci hodnocení úrovně bydlení zohledňuje například výdaje na domácnost, ceny novostaveb, počet domů a bytů na tisíc obyvatel, finanční dostupnost bydlení či délku stavebního řízení. Ve všech těchto aspektech se za loňský rok Česko umístilo na chvostu žebříčku. A v případě finanční dostupnosti dokonce na posledním místě,“
vysvětluje Odstrčil.
„
Pro pořízení nového bytu je v Česku potřeba 14,9 ročního platu. To je ve srovnání s Belgií, Dánskem, Kyprem či Nizozemskem více než dvojnásobek,“
dodává.
Podle Skalického to však nutně neznamená, že čelíme situaci srovnatelné s finanční krizí v roce 2008.
„Současný český trh se spíše zpomaluje, než aby směřoval k totálnímu kolapsu. Banky jsou při poskytování úvěrů mnohem opatrnější, regulace hypoték se zpřísnily a lidé si více uvědomují nutnost důkladného plánování svých finančních možností. To všechno přispívá k postupnému ochlazování trhu,“
říká Skalický.
„Tento vývoj naznačuje, že zatímco ceny nemovitostí mohou v krátkodobém horizontu stagnovat nebo mírně klesat, není pravděpodobné, že bychom byli svědky dramatického pádu trhu. Je důležité vnímat realitní trh v širším kontextu a nezapomínat na faktory, které přispívají k jeho stabilitě a odolnosti,“
dodává.
Velkou roli při rozhodování o budoucím bydlení nicméně sehrávají i emoce, které se mohou do přehřívání realitního trhu propisovat. „
Lidé hledající vlastní bydlení mohou snadno propadnout pocitu frustrace. Často vyčkávají na pokles cen nemovitostí a tím oddalují své rozhodnutí o koupi. Tato strategie však nemusí být vždy správná. Předpovědět budoucí vývoj na realitním trhu je velmi obtížné, zejména kvůli nečekaným okolnostem, které mohou situaci rychle změnit. Proto bych nedoporučoval odkládat pořízení vlastního bydlení. Investice do něj je dlouhodobým krokem, který by měl být založen na aktuálních potřebách a možnostech, nikoli na spekulacích o budoucím vývoji trhu,“
popisuje situaci Skalický.
Vlastním bydlením u nás v současné době disponuje 78 procent obyvatel, ale ani ostatní se nechtějí vidiny bezpečného přístavu a finanční pojistky do budoucna vzdát. Nemovitosti jsou navíc velmi vyhledávanou investicí, a to jak mezi českými, tak i zahraničními zájemci. Že je realita na současném realitním trhu složitá, potvrzuje i Skalický. Rostoucí poptávka zájemců o vlastní bydlení i investorů, která vzrostla díky poklesu úrokových sazeb hypotečních úvěrů, naráží na nedostatečnou výstavbu nových nemovitostí, které nepřejí ani zdlouhavé legislativní procesy.
„Poptávka vysoce převyšuje nabídku a tento trend vnímáme i mezi našimi klienty. Zájem o investice do bydlení neustále roste, což způsobuje nárůst cen a zároveň omezenou dostupnost kvalitních nemovitostí. Tato situace je patrná ve velkých městech a atraktivních lokalitách, kde zájem o koupi přetrvává. Vzhledem k těmto skutečnostem doporučujeme potenciálním kupcům vlastního bydlení nevyčkávat,”
dodává Skalický.",2026-06-17T15:36:10.642171
https://www.moore-czech.cz/ekonomicka-analyza-moore-czech-republic-potvrdila-vyhodnost-investice-do-lanovky-na-jested/,Ekonomická analýza Moore Czech Republic potvrdila výhodnost investice do lanovky na Ještěd,2024-05-30T14:42:40+00:00,2026-02-09T14:44:22+00:00,Eliška Jodasová,Tisková zpráva,"Jednokabinová lanovka, pro kterou hlasovali obyvatelé Liberce, radní i zastupitelé, bude sice náročnější na investice, z dlouhodobého hlediska se však jedná o ekonomicky nejvýhodnější variantu. Vyplývá to ze studie „Podnikatelský záměr na obnovení a provozování lanové dráhy Horní Hanychov – Ještěd“, kterou pro statutární město Liberec vypracovala skupina Moore Czech Republic a která byla součástí podkladů pro liberecké zastupitele. Cílem studie bylo sestavit ekonomický model záměru a vyhodnotit jeho finanční parametry.   „Ve výstupním reportu jsme shrnuli závěry vyhodnocení jednotlivých variant. Z nich nám vyplynulo […]",,3 minuty,"Sdílet
Link copied
Autor
Eliška Jodasová
Introduction
Jednokabinová lanovka, pro kterou hlasovali obyvatelé Liberce, radní i zastupitelé, bude sice náročnější na investice, z dlouhodobého hlediska se však jedná o ekonomicky nejvýhodnější variantu. Vyplývá to ze studie „Podnikatelský záměr na obnovení a provozování lanové dráhy Horní Hanychov – Ještěd“, kterou pro statutární město Liberec vypracovala skupina Moore Czech Republic a která byla součástí podkladů pro liberecké zastupitele. Cílem studie bylo sestavit ekonomický model záměru a vyhodnotit jeho finanční parametry.
„Ve výstupním reportu jsme shrnuli závěry vyhodnocení jednotlivých variant. Z nich nám vyplynulo doporučení dvoulanové technologie s jednou kabinou, a to v prodloužené trase Horní Hanychov – Ještěd.
Celková investice zahrnující pořízení lanovky, stavební práce, nákup pozemků a další související investice dosáhne až na 750 milionů korun. Návratnost jsme v realistické variantě spočítali na 15 a půl roku. Při zahájení demolice a stavebních prací na konci roku 2026 se s otevřením nové lanovky počítá v lednu 2029. Průměrná cena jízdného je kalkulována na 326 Kč včetně DPH s tím, že počítáme s významným zvýhodněním pro občany Liberce,“
říká Václav Škapa, partner ve skupině Moore Czech Republic.
Ačkoliv bude prodloužená varianta náročnější na investice, bude ve výsledku výhodnější. Trasa vedoucí z Horního Hanychova totiž umožní přímé napojení na MHD i centrální parkoviště, čímž se zajistí její větší vytížení. Jednoduše dostupná a bezbariérová lanovka má tak potenciál přilákat více cestujících.
„Zvolená varianta technologie Funifor, tedy tramvaj, která má nižší investiční a provozní náročnost, umožňuje navíc provoz i za zhoršených klimatických podmínek a je na ní možné realizovat mezistanici.
Mezistanice by tak mohla být využívána zejména lyžaři v zimních měsících, čímž se posílí turistický potenciál lanovky,“
dodává Škapa.
O finální podobě lanovky rozhodli na konci dubna zastupitelé města. Pro stejnou variantu hlasovali dříve i radní. Podpořili tak výsledky ankety, které se zúčastnilo 1668 respondentů.
„Jedná se o projekt velkého regionálního významu, názor místních obyvatel byl proto pro nás velmi důležitý. Ve prospěch kabiny na dvou lanech přezdívané tramvaj jich hlasovalo přes padesát osm procent. Na vybrané variantě se tak shodla jak veřejnost, tak i odborníci,“
řekl primátor Liberce Jaroslav Zámečník.
Na výběr přitom bylo z celkem šesti variant. Tři varianty byly ve stávající trase dlouhé bezmála 1,2 kilometru a tři stejné v prodloužené trase o 770 metrů ke konečné tramvaji v Horním Hanychově. V jedné variantě se počítalo se zachováním kyvadlového provozu dvou kabin, kdy každá pojme 50 nebo 70 lidí. V druhé byl navržen oběžný systém s 12 či 17 kabinami, přičemž každá by měla kapacitu deset lidí. Ve třetí, vítězné, variantě nazývané tramvaj se počítalo s jednou kabinou zavěšenou na dvou lanech pro 80 nebo 100 lidí.
Od tragické nehody, ke které došlo v říjnu 2021, je lanovka mimo provoz. Zatím je ve vlastnictví Českých drah, s městem se ale již dohodli na jejím odkoupení za 34,976 milionu korun.",2026-06-17T15:36:13.632661
https://www.moore-czech.cz/hotelnictvi-check-in-do-roku-rustu-a-digitalnich-zmen-v-ceske-republice-je-nejvetsi-problem-kratka-doba-pobytu-turistu/,Hotelnictví: Check-in do roku růstu a digitálních změn. V České republice je největší problém krátká doba pobytů turistů,2024-05-14T14:40:42+00:00,2026-02-09T14:41:35+00:00,Eliška Jodasová,Tisková zpráva,"Sektor ubytovacích služeb v loňském roce překročil svůj pandemický stín. Mnohé hotelové skupiny překonaly rekordy v obsazenosti a výnosnosti. Letošní rok je ve znamení důrazu na inovace v technologiích a digitální transformaci, zejména prostřednictvím sofistikovaného využití umělé inteligence, která nabízí nové strategie pro získání konkurenčního náskoku. V České republice, kde odvětví ubytovacích služeb zaznamenalo loni růst počtu turistů a přenocování, […]",,5 minut,"Sdílet
Link copied
Autor
Eliška Jodasová
Introduction
Sektor ubytovacích služeb v loňském roce překročil svůj pandemický stín. Mnohé hotelové skupiny překonaly rekordy v obsazenosti a výnosnosti. Letošní rok je ve znamení důrazu na inovace v technologiích a digitální transformaci, zejména prostřednictvím sofistikovaného využití umělé inteligence, která nabízí nové strategie pro získání konkurenčního náskoku. V České republice, kde odvětví ubytovacích služeb zaznamenalo loni růst počtu turistů a přenocování, čelí sektor specifickým výzvám, jako je kratší doba pobytů turistů a potřeba adaptace na nové trendy, jako jsou již zmíněná digitalizace a udržitelnost.
Globální odvětví ubytování a služeb spojených s trávením volního času mělo loni úspěšný rok. Řada hotelových skupin zaznamenala nové rekordy, pokud jde obsazenost a výnosy. Nastal tak zlomový okamžik. V letošním roce již toto odvětví nebude definovat svůj úspěch srovnáváním klíčových ukazatelů výkonnosti před a po globální pandemií. Odvětví se posunulo dál. Firmy, které jsou v tomto odvětví aktivní, se v letošním roce budou muset soustředit především na uplatňování nových strategií a zavádění digitálních novinek, které jim mohou získat konkurenční náskok.
Posun k sofistikovanějším aplikacím AI
Klíčovým tématem jsou technologické inovace, zejména využití umělé inteligence (AI). Sektor se postoupně posouvá od relativně jednoduchých „experimentů“ s AI, kam především patří využití chatbotů pro zákaznický servis nebo například aplikace ChatGPT pro vytváření marketingových kampaní, ke specializovanějším a sofistikovanějším aplikacím. Ty nabízí celou škálu možností, jak může umělá inteligence proměnit sektor hotelů a volnočasových služeb – od dynamického řízení příjmů, po bezpečnostní systémy nebo řízení energií a zdrojů.
Velké mezinárodní hotelové řetězce proto investují miliony dolarů do aplikací AI a tempo jejich zavádění se zrychluje. Odhaduje se, že do roku 2033 dosáhne trh s umělou inteligencí v odvětví pohostinství globálně hodnoty 8,12 miliardy dolarů.
„Po letech, kdy bylo odvětví ubytovacích služeb charakteristické pomalým přijímáním nových technologií, tak dochází k prudkému zlomu. Do jisté míry je to i výsledek těžce nabytých zkušeností, kdy po pandemii bylo třeba najít nové obchodní modely a postavit se čelem k digitální transformaci,“
řekl Marton Takacs z Moore Global.
Česko v tomto segmentu nezůstává pozadu. Například lídr českého hotelového trhu,  OREA Hotels & Resorts, pracuje na implementaci celé řady nástrojů využívajících umělou inteligenci: „
Naším cílem je vylepšit zážitek hotelových klientů a zjednodušit práci vlastním zaměstnancům,“
vysvětluje Tomáš Holan, Chief Digital Officer, OREA Hotels & Resorts.
Trendem je bleisure
Optimistické výhledy hoteliérů na letošní rok jsou podpořeny i prognózami silné poptávky. Podle Global Business Travel Association by celosvětové výdaje na služební cesty měly v roce 2024 dosáhnou výše 1,5 bilionu dolarů a poprvé tak překročí úroveň před pandemií.
Porostou také výdaje na „bleisure” cestování (tj. „business“ -podnikání  a „leisure“ – volný čas), při němž lidé spojí pracovní cestu s odpočinkem. Zůstávají v daných destinacích déle a utrácejí zde tedy více peněz. Očekává se, že hodnota globálního trhu „bleisure“ do roku 2032 dosáhne celosvětově 731,4 miliardy dolarů.
Růst investic a expanze
Zájem investorů o hotelnictví zůstává velký. Hotely jsou totiž považovány za atraktivní komerční nemovitosti. Klíčovým lákadlem je schopnost provozovatelů hotelů dynamicky měnit ceny pokojů a přizpůsobovat se tak různým tržním podmínkám, stejně jako solidní trend v obsazenosti. To je odlišuje od kancelářských a maloobchodních komerčních nemovitostí.
Hlavní mezinárodní hotelové řetězce mají ambiciózní strategie expanze a svůj zájem zaměřují zejména na rostoucí regiony. Blízký východ, jihovýchodní Asie a silné evropské turistické destinace budou i nadále investičně horkými místy.
„V odvětví ubytovacích služeb samozřejmě přetrvávají některé významné nejistoty: od geopolitických rizik až po dopady hospodářského zpomalení v některých tradičně silných ekonomikách, jako je například Německo. Stejně tak se budou muset vypořádat s rostoucími vstupními náklady a přetrvávajícím nedostatek kvalifikovaných pracovníků. Odvětví bude i nadále čelit silným konkurenčním tlakům. Hotely soutěží o zákazníky a jejich loajalitu v situaci, kdy se neustále zvyšují jejich nároky,“
hodnotí situaci Marton Takacs z Moore Global.
V České republice chybí turisté s delším pobytem
Také v České republice došlo v loňské roce k růstu zájmu o služby hotelů. Ubytovalo se v nich přes 22 milionů turistů a jejich počet mírně překonal předcovidový rok 2019. V porovnání s rokem 2022 stoupl počet turistů o 13,5 procenta a počet přenocování o 10,7 procenta. Nicméně ani rok 2023 úroveň z roku 2019 ještě nepřesáhl a byl nižší o 1,8 procenta. Loni hosté v Česku strávili 56 milionů nocí.
„Problémem českého sektoru ubytovacích služeb je totiž to, že jezdí turisté na kratší cesty. Souvisí to i se změnou struktury přijíždějících turistů. Jezdí k nám mnohem více lidí z okolních zemí, a naopak stále chybí dlouhé pobyty například návštěvníků z Asie. Nejpočetnější zahraniční turistickou skupinou loni byli Němci, na druhém místě byli Slováci a třetí bylo Polsko. Celkově však dominují domácí hosté. Z 22 milionů turistů, kteří se loni v Česku ubytovali, bylo přibližně 12,5 milionu Čechů,“
uvádí Marcela Hrdá, partnerka skupiny Moore Czech Republic.
„Zejména Praha stále pociťuje důsledky po covidu omezeného leteckého spojení se státy mimo Evropu, zejména s Amerikou a Asií. To u potenciálních hostů český trh znevýhodňuje a generuje i kratší pobyty či méně roomnights,“
uvádí Jiří Fontana, Director of revenue, OREA Hotels & Resorts.
„Pro český sektor ubytovacích služeb je důležitá adaptace na nové trendy a změny ve spotřebitelském chování. Digitalizace a udržitelnost se stávají klíčovými tématy, stejně jako personalizované služby. Významným faktorem pro cestovní ruch je také podpora ze strany státu a propagace České republiky jako atraktivní turistické destinace, kde se zahraničním návštěvníkům vyplatí zdržet se déle,“
komentuje Marcela Hrdá.",2026-06-17T15:36:16.734126
https://www.moore-czech.cz/bez-ohledu-na-nedostatek-zamestnancu-cesi-nad-55-let-si-mysli-ze-najit-praci-je-kvuli-veku-problem/,"Bez ohledu na nedostatek zaměstnanců, Češi nad 55 let si myslí, že najít práci je kvůli věku problém",2024-05-06T14:38:52+00:00,2026-02-09T14:39:49+00:00,Eliška Jodasová,Tisková zpráva,"„Trh práce je v České republice přehřátý, zaměstnanci chybí v řadě profesí, přesto firmy zatím moc neumí oslovit potenciální zaměstnance ve věku nad 55 let. Přitom se většinou jedná o kvalifikovanou pracovní sílu, která často umí jazyky a do pracovního procesu vstupovala v prvních porevolučních letech na počátku 90. let. Zároveň mají před sebou dalších nejméně 5-10 let potenciální […]",https://www.moore-czech.cz/wp-content/uploads/sites/3/2026/02/image-1.png,4 minuty,"Sdílet
Link copied
Autor
Eliška Jodasová
Introduction
„Trh práce je v České republice přehřátý, zaměstnanci chybí v řadě profesí, přesto firmy zatím moc neumí oslovit potenciální zaměstnance ve věku nad 55 let. Přitom se většinou jedná o kvalifikovanou pracovní sílu, která často umí jazyky a do pracovního procesu vstupovala v prvních porevolučních letech na počátku 90. let. Zároveň mají před sebou dalších nejméně 5-10 let potenciální pracovní kariéry, a mohou zaměstnavatelům nabídnout zkušenosti a v řadě případů i vysokou loajalitu,“
říká Marcela Hrdá, partnerka skupiny MOORE Czech Republic.
„V rámci EU má Česká republika dlouhodobě jednu z nejnižších mír nezaměstnanosti. Pro českou ekonomiku to však vůbec není dobrá zpráva. Je brzdou oživení české ekonomiky a konkurenceschopnosti českých firem. Firmy na trhu práce neustále bojují o kvalifikované pracovníky. Pokud nebudou vytvářet podmínky pro růst pracovních pozic na částečné úvazky a podporovat prostředí pro udržení zaměstnanců 55+, mohou mít do budoucna velké problémy,“
varuje Marcela Hrdá.
Je samozřejmé, že zaměstnanci ve věkové skupině nad 55 let mohou mít odlišné požadavky a očekávání od svého zaměstnání, než mladší věkové skupiny. Týká se to jak pracovního prostředí, tak například zaměstnaneckých benefitů, případně podpůrných aktivit, které by jim při hledání a výkonů zaměstnání pomohly. A na to, přes veškerá firemní úsilí o to být celoživotní zaměstnavatel, nejsou zatím firmy plně připraveny a svou zaměstnaneckou politiku orientují zejména na mladší ročníky.
Právě i z průzkumu pro MOORE Czech Republic vyplynulo, že 69,3 % respondentů vnímá obavy zaměstnavatelů, že právě, když zaměstnanci dovrší určitý věk, tak nedokáží udržet krok s rychle se vyvíjejícími technologiemi a digitálními změnami a 64 % je přesvědčeno, že firmy prostě preferují mladší zaměstnance. 52,2 % respondentů si myslí, že firmy mají u věkové skupiny nad 55 let předsudky z hlediska produktivity a motivace.
„Spíše než fakta, hrají negativní roli v HR strategii firem předsudky. Ty budou muset ve své personální politice a jejím věkovým zaměřením projít mentální transformací, pokud chtějí samy udržet tempo rozvoje například ve srovnání se zahraniční konkurencí. Týká se to celého portfolia oblastí, začínající tím, že budou muset potřeby zaměstnanců ve věku nad 55 let nejprve lépe poznat a na základě této analýzy pak sestavit postupy, kterými dokáží oslovit tuto určitě zajímavou skupinu potenciálních zaměstnanců,“
doplňuje Marcela Hrdá.
Právě jednou z oblastí, která je důležitá pro potenciální zaměstnance ve věku nad 55 let, je míra flexibility ze strany zaměstnavatele. 58,8 % respondentů starších 55 let a 62,6 % ve věku 60 – 65 let žádnou míru flexibility ze strany zaměstnavatelů nevidí. Musí se prostě vejít do standardních parametrů zaměstnanecké politiky, které jsou ale většinou nastaveny na věkové kategorie mladších a středních věkových skupin. To znamená například zaměření na programy pro zaměstnané matky s dětmi, nebo přemíra sportovního vyžití coby benefitů, zatímco zaměstnanci ve věkové skupině 55+ spíše ocení jako benefit například kulturní představení a zaměření na další vzdělávací aktivity.
Uchazeči o zaměstnání ve výzkumu vyjmenovali další podpůrné aktivity, které by jim pomohly při hledání uplatnění na trhu práce:
29,3 % respondentů uvedlo flexibilní pracovní dobu, 28,6 % uvedlo podporu v oblasti zvládání nových technologií, jako je například školení nebo jiná forma vzdělávání zaměřené na zvládání nejnovějších technologií a digitálních nástrojů a 21 % pak zmínilo podporu zdraví a programy na podporu zdravého životního stylu.
Nicméně 46,5 % respondentů je přesvědčeno, že by jejich uplatnění na trhu práce pomohlo zvýšení povědomí o přínosech starších a zkušenějších pracovníků a 32,6 % by uvítalo více informací o vhodných pracovních příležitostech.
Když se pak respondenti měli vyjádřit ke svému stávajícímu zaměstnání a využití svých schopností, 34,3 % respondentů cítí, že jejich schopnosti jsou plně využity a jsou důležité pro úspěch týmu či projektu, na kterém pracují. Naopak 37,7 % zaměstnanců ve věku 55 let a více je přesvědčeno, že by mohlo svému zaměstnavateli nabídnout více. 23,8 % respondentů má pocit, že některé jejich schopnosti jsou pro organizaci, kde pracují, důležité, ale jiné dovednosti a zkušeností nejsou dostatečně využívány; 13,9 % si myslí, že i když jsou jejich zkušenosti a dovednosti využívány, cítí, že mohu nabídnout více a mohli by se podílet na dalších úkolech či projektech.
O výzkumu:
Výzkum realizovala společnost MOORE Czech Republic pomocí Instant Research IPSOS na vzorku 600 respondentů starších 55 let, kteří jsou v zaměstnaneckém poměru. Výzkum proběhl v dubnu 2024.",2026-06-17T15:36:19.632542
https://www.moore-czech.cz/sophiina-volba-dodavatelu-automobilek/,"Sophiina volba dodavatelů automobilek. Rozhodování mezi spalovacími motory a elektromobily není již tak jasné, jako bylo dříve",2024-03-14T14:34:17+00:00,2026-02-09T14:36:18+00:00,Eliška Jodasová,Tisková zpráva,"Ještě před nedávnem by bylo téměř automatické, že dodavatelé automobilek by měli svou výrobu přeorientovat na elektromobilitu. Dnes však rozhodování o investicích do změny výroby již tak jednoduché není. Přední světoví výrobci automobilů totiž signalizují, že elektromobily nejsou jedinou cestou, kterou zvažují. To vše činí investiční rozhodování jejich dodavatelů složitější.  Tváří v tvář stagnujícímu prodeji elektromobilů se mnoho velkých […]",,4 minuty,"Sdílet
Link copied
Autor
Eliška Jodasová
Introduction
Ještě před nedávnem by bylo téměř automatické, že dodavatelé automobilek by měli svou výrobu přeorientovat na elektromobilitu. Dnes však rozhodování o investicích do změny výroby již tak jednoduché není. Přední světoví výrobci automobilů totiž signalizují, že elektromobily nejsou jedinou cestou, kterou zvažují. To vše činí investiční rozhodování jejich dodavatelů složitější.
Tváří v tvář stagnujícímu prodeji elektromobilů se mnoho velkých automobilových značek začíná stavět k budoucnosti svého odvětví o poznání pragmatičtěji, než tomu bylo ještě donedávna. Stále častěji zdůrazňují, že tradiční spalovací motor bude i nadále mít na trhu svou roli spolu s bateriovým pohonem a širokou škálou „e-paliv”.
Elektromobilita zpomaluje
„Očekává se, že v roce 2024 se prodá 16,7 milionu osobních automobilů na elektrický pohon, což představuje celkový nárůst o 21 %. To zní sice optimisticky, ale rozdílný vývoj na hlavních automobilových trzích nutí výrobce k obezřetnosti. V Evropě se očekává stagnace, prodeje v USA by mohly stáhnout dolů politické úvahy a omezení pobídek, zatímco růst v Číně se zpomaluje kvůli nasycení trhu a ekonomickým obavám spotřebitelů – zástupců střední třídy,“
uvádí Thomas Ziegler, Moore Global.
V lednu tohoto roku předseda představenstva Toyoty, druhého největšího světového výrobce automobilů, prohlásil, že elektromobily nikdy nebudou tvořit více než 30 % celosvětového prodeje automobilů. Akio Toyoda, vnuk zakladatele společnosti, tak jen zopakoval svůj dlouhodobý názor, že alternativní paliva, jako je vodík, nabízejí větší výhody z hlediska výrobních a provozních nákladů. A to říká představitel firmy, která přišla s prvním masově prodávaný elektromobilem Prius již v roce 1997.
Nejistota pro dodavatele
Pokud si samotní výrobci nejsou dnes již zcela jisti, že budoucnost je výhradně v elektromobilitě, jak na to mají reagovat jejich dodavatelé?
Pokud jde o společnosti na vrcholu dodavatelského řetězce, které dodávají přímo konečným výrobcům automobilů (jde o tzv. úroveň Tier 1 a často se jedná o společnosti, které vyrábějí klíčové komponenty nebo systémy – např. celé motory, převodovky, brzdové systémy nebo infotainmentové systémy), jako jsou Bosch, Delphi nebo Getrag, tak těm způsobuje tato váhavost už nyní bolení hlavy. Musí se totiž rozhodnout, jak rozdělit své rozpočty na výzkum a vývoj mezi různé pohonné systémy.
Pro společnosti na úrovni Tier 2 dodavatelského řetězce, kteří dodávají produkty a komponenty dodavatelům z Tier 1 (jde například o výrobce ložisek, elektronických součástek, kabelů nebo plastových dílů), tak pro ně je nejistota ve směřování automobilek ještě bolestnější. Vyvíjí a vyrábí mnoho vysoce specializovaných komponent, u nichž je změna výroby velmi problematická.
„Je velmi obtížné, aby společnost, která vyrábí vysoce technologicky náročné součásti motorů pro automobily poháněné fosilními palivy, plynule přešla na výrobu dílů pro vozidla poháněná bateriemi. Tato změna si vyžádá čas a investice. Nicméně, jak udělat takové zásadní rozhodnutí v situaci, kdy není zcela jasné, kde je budoucnost mobility,“
upozorňuje Thomas Ziegler, Moore Global.
Pokud je pro dodavatele přechod na novou výrobu pro elektromobily vůbec možný, tak před nimi stojí zásadní investiční rozhodnutí. Většina dodavatelů druhé úrovně jsou přitom malé a střední firmy a často rodinné podniky, které se při financování musí hodně spoléhat na vlastní peněžní zdroje a bankovní úvěry.
Výroba automobilových dílů je však podnikání s relativně nízkou marží a k dosažení rozumného zisku vyžaduje obrovské objemy. Je velmi pravděpodobné, že velcí výrobci automobilů se budou snažit tyto marže ještě více snížit, aby získali prostředky na financování vlastních investic do nových technologií.
Rozhodování mezi světem spalovacích motorů a elektromobilů možná nebude nutné
Výsledkem této globální šachové partie o budoucnost mobility bude velká konsolidace mezi tradičními dodavateli automobilek. Je docela pravděpodobné, že tyto změny přilákají potřebné finanční prostředky – nejspíše od soukromých investorů. Pravděpodobně se také rozvine užší spolupráce a společné podniky mezi firmami v dodavatelském řetězci.
„Nejistota tak bude v dohledné budoucnosti i nadále charakteristickým rysem automobilového trhu. Na druhou stranu pravděpodobně také podnítí vznik nového ekosystému s užšími vztahy mezi výrobci automobilů a jejich dodavateli. Může se stát, že podniky nebudou muset nakonec volit mezi starým světem spalovacích motorů a novou érou elektrických vozidel. Možná mohou zvládnout obojí,“
upozorňuje Martin Buranský, partner Moore Czech Republic.
„Pochopitelně i čeští dodavatelé automobilek čelí výzvám v důsledku změn v automobilovém průmyslu. Někteří se snaží již nyní přizpůsobit novým trendům a investují do inovací a technologií souvisejících s elektromobilitou. Na českém trhu k tomu však přistupuje i další výzva v podobě chtonického nedostatku kvalifikované pracovní síly a pak samozřejmě i tlak na snižování nákladů. Situace v automobilovém průmyslu je nyní velmi dynamická a vyžaduje značnou adaptabilitu od českých dodavatelů,“
uzavírá Martin Buranský.",2026-06-17T15:36:21.570526
https://www.moore-czech.cz/ctvrta-prumyslova-revoluce-teprve-zacina/,Čtvrtá průmyslová revoluce teprve začíná. V průmyslu je globálním trendem letošního roku AI a repatriace výroby na domácí trhy,2024-02-29T14:30:16+00:00,2026-02-09T14:37:33+00:00,Eliška Jodasová,Tisková zpráva,"Společnost Moore Global naznačila ve své analýze hlavní trendy roku 2024 v oblasti průmyslové výroby a distribuce. Jsou jimi umělá inteligence a pokročilé analytické nástroje, které nabízí nové příležitosti pro optimalizaci výroby a rozhodování založené na datech. Firmy se přitom musí vyrovnat s riziky spojenými s důvěrou v digitální technologie. Mezi další silné trendy patří repatriace výroby. „Ve světě, kde pandemie a geopolitická nestabilita odhalily slabiny dlouhých dodavatelských řetězců, […]",,4 minuty,"Sdílet
Link copied
Autor
Eliška Jodasová
Introduction
Společnost Moore Global naznačila ve své analýze hlavní trendy roku 2024 v oblasti průmyslové výroby a distribuce. Jsou jimi umělá inteligence a pokročilé analytické nástroje, které nabízí nové příležitosti pro optimalizaci výroby a rozhodování založené na datech. Firmy se přitom musí vyrovnat s riziky spojenými s důvěrou v digitální technologie. Mezi další silné trendy patří repatriace výroby.
„Ve světě, kde pandemie a geopolitická nestabilita odhalily slabiny dlouhých dodavatelských řetězců, se firmy obrací sále častěji k strategii repatriace výrobních kapacit. Tento krok, podpořený státními pobídkami a investicemi do technologií, signalizuje přechod od modelu ‘just-in-time’ k efektivnějšímu a odolnějšímu průmyslovému ekosystému,“
říká Marcela Hrdá, partnerka Moore Czech Republic.
V průmyslu a distribuci jsme svědky digitální transformace, která je přirovnávána ke čtvrté průmyslové revoluci. Poté, co do průmyslové výroby začala promlouvat umělá inteligence, však tato revoluce teprve skutečně odstartovala. Tempo inovací se v letošním roce ještě zrychlí.
Firmy si stále více uvědomují, jaký dopad mohou mít nástroje umělé inteligence na přesné předvídání chování zákazníků, predikci zásadních trendů, které jim dají náskok před konkurencí, a modelování alternativních scénářů firemních strategií. Navíc digitální nástroje potřebné k růstu a rozšiřování produkce nebyly nikdy dostupnější než dnes. Nezbytnou podmínkou jejich využití jsou však další výrazné investice.
„Společnosti, které vykazují nejvyšší výnosy při využití umělé inteligence ve své činnosti, využívají téměř třikrát častěji než ostatní firmy různé nástroje pro rozvoj technických dovedností a schopností všech svých zaměstnanců. Jejich manažerům je jasné, že budoucnost je nejen ve využití digitálních technologií, ale pro firmu z nich plyne přínos pouze tehdy, když jsou data dostupná v reálném čase a přístupná všem zaměstnancům – nejen lidem v IT odděleních,“
komentuje Mark Fagan z Moore Global.
Rub a líc moderních technologií
Správně využitá umělá inteligence může firmám zjednodušit stanovování klíčových ukazatelů výkonnosti a dělat správná obchodní rozhodnutí. Výkonné analytické nástroje a nástroje pro vizualizaci dat mohou kombinovat informace a statistiky z různých zdrojů a poskytnout tak lepší a rychlejší přehled lidem ve firmách, kteří na jejich základě dělají podnikatelská a obchodní rozhodnutí. To vede k přesnějšímu předvídání prodeje a lepší optimalizaci výroby.
Každá mince má však dvě strany. Manažeři, kteří vkládají důvěru v digitální technologie, musí mít stále na zřeteli, že tato důvěra nemůže být bezbřehá. Důvěryhodnost shromažďovaných dat a způsob jejich prezentace se stávají rozhodující. Pokud se konkrétní metriky, rozhodnutí či intepretace za využití umělé inteligence stanou opěrným bodem firemních rozhodnutí, musí být nutně stoprocentně přesné a ověřené.
Investice brzdí vysoká cena peněz
Zavádění nových systémů a datových strategií vyžaduje zdroje, čas a investice. Ani v případě umělé inteligence a dalších digitálních technologií neexistují žádné rychlé zkratky a levné zázraky na počkání. V době globálních ekonomických problémů jsou investiční rozpočty firem napjaté. Mimo jiné i proto, že současné úrokové sazby prodražují náklady na půjčky. A i když se hovoří o snižování úrokových sazeb, hrozba dalšího zpomalení globální ekonomiky nebo recese stále visí ve vzduchu.
„Efektivnější finanční řízení je důležité zejména pro společnosti, které jsou součástí dlouhých a složitých dodavatelských řetězců a jsou na nich závislé. Trhliny v globální pavučině výroby a distribuce způsobené pandemií se podařilo již téměř zacelit. Nicméně pokračující geografická nestabilita vytváří nové překážky,“
říká Marcela Hrdá.
„Zdá se, že výrobní model just-in-time, který dominoval světovému průmyslu po 40 let, se již vyčerpal a nebude dále možný. Například útoky na lodní dopravu v Rudém moři vedly ke čtyřnásobnému zvýšení nákladů na kontejnery a prodloužení dodacích lhůt o 10 dní,“
uvádí Mark Fagan z Moore Global.
Repatriace výroby
Ve velkých západních ekonomikách je novou realitou repatriace výrobních kapacit zpět na domácí trhy nebo hledání alternativ blíže k domovu. Například výdaje na rozšiřování výroby se v USA od konce roku 2021 do konce loňského roku zdvojnásobily, což bylo podpořeno velkými státními pobídkami na investice do infrastruktury a zaměstnanosti. Evropa reaguje vlastními pobídkami k výstavbě továren a jednotlivé země vytváří své dotační balíčky, aby nalákaly investice.
Dochází k významným posunům, pokud jde o umístění výroby. Tento trend urychluje otevírání nových továren v Evropě i USA, protože podniky se stále častěji rozhodují vyrábět produkty blíže spotřebitelům, kteří je budou kupovat.
„Poslední léta jednoznačně potvrdila, že není možné se spoléhat jenom na dovoz, byť by to znamenalo mít k dispozici zboží (někdy i služby) za nižší náklady. V kritických obdobích cena raketově roste a ekonomický prvek dovozu je potlačený. Současně platí, že každá země musí najít svoji míru ekonomické nezávislosti. K tomu moderní technologie ve výrobě značně pomohou,“
uzavírá Marcela Hrdá.",2026-06-17T15:36:24.540428
https://www.moore-czech.cz/technologie-ve-financich-vyrazne-zrychluji-hlavni-roli-hraje-umela-inteligence/,"Technologie ve financích výrazně zrychlují, hlavní roli hraje umělá inteligence",2024-02-08T14:28:18+00:00,2026-02-27T13:28:05+00:00,Eliška Jodasová,Tisková zpráva,"Tempo technologických změn v segmentu finančních služeb výrazně zrychluje a sektor se dostal do čela zavádění umělé inteligence, strojového učení a blockchainu. Vyplývá to z analýzy poradenské skupiny Moore Global. Podle ní nabízejí digitální nástroje potenciál pro zvýšení efektivity, zvýšení marží a snížení počtu stížností zákazníků. Tyto příležitosti však také představují rizika, která, pokud nebudou pochopena a zmírněna, mohou převážit nad přínosy.  Finančnictví – odvětví, které vzniklo před […]",https://www.moore-czech.cz/wp-content/uploads/sites/3/2024/02/2.jpg,5 minut,"Sdílet
Link copied
Autor
Eliška Jodasová
Introduction
Tempo technologických změn v segmentu finančních služeb výrazně zrychluje
a sektor se dostal do čela zavádění umělé inteligence, strojového učení a blockchainu. Vyplývá to z analýzy poradenské skupiny Moore Global.
Podle ní nabízejí digitální nástroje potenciál pro zvýšení efektivity, zvýšení marží a snížení počtu stížností zákazníků. Tyto příležitosti však také představují rizika, která, pokud nebudou pochopena a zmírněna, mohou převážit nad přínosy.
Finančnictví – odvětví, které vzniklo před třemi stoletími, se za posledních 25 let výrazně proměnilo.
„Technologie, od aplikací pro chytré telefony až po blockchain, zásadně změnily způsob poskytování finančních služeb a umožnily zákazníkům vybírat si z širší nabídky finančních produktů a rozhodovat se rychleji než kdykoli předtím,”
říká Ewen Fleming z poradenské skupiny Moore Global a dodává, že se nyní nacházíme v nové éře, kdy se doba potřebná k přijetí nových technologií zrychlila. To přináší příležitosti i rizika, která jsou méně předvídatelná než dříve.
Výzkum toho, čemu dnes říkáme umělá inteligence, se poprvé objevil v 50. letech minulého století (spolu s kreditními kartami), ale přijetí bylo pomalé a zákazníci viděli jen málo praktických aplikací. S blížícím se koncem tisíciletí velký technický pokrok v Silicon Valley předznamenal rychlý rozvoj finančních technologií neboli oboru „fintech“. V letech 1995 až 2014 došlo k významnému technickému pokroku, který ovlivnil finanční služby, od internetového bankovnictví až po bezkontaktní kreditní karty.
Hlavním impulsem pro tuto změnu byla poptávka zákazníků po internetovém bankovnictví, která si vynutila změny v distribuci služeb finančních institucí, shromažďování a ochraně dat a prevenci podvodů. Finanční společnosti také potřebovaly zvýšit efektivitu služeb zákazníkům a posílit nedostatečné ziskové marže a výnosy pro své investory. Kromě toho se některé tradiční finanční společnosti rozhodly přetvořit se v technologické inovátory nebo vytvořit dceřiné společnosti či značky zaměřené na digitální technologie, aby omládly a přesvědčily trh, navýšit ocenění jejich akcií.
Umělá inteligence proměňuje svět financí
Příležitosti ke zvýšení přesnosti a efektivity operací jsou pro finanční společnosti silným hnacím motorem:
Umělá inteligence může shromažďovat a zpracovávat bankovní data a vytvářet doporučení týkající se nových produktů nebo služeb, které by mohly zákazníkům pomoci s finančními problémy v jejich životě.
Algoritmy strojového učení mohou analyzovat údaje o transakcích zákazníků a identifikovat vzorce podvodné činnosti a také využívat behaviorální biometrii, jako je rozpoznávání otisků prstů nebo obličeje, k odhalování a prevenci podezřelých aktivit.
Správci fondů využívají hory nových dat, k nimž má umělá inteligence přístup, a které lze analyzovat během několika sekund, k posouzení potenciálních rizik pro výkonnost společnosti, která nemusí být okamžitě zřejmá, jako jsou dopady špatné správy a řízení nebo nedostatečná opatření v oblasti udržitelnosti reagující na agendu ESG.
Pojišťovny využívají tuto technologii k vytváření stále přesnějších modelů klimatických změn, aby mohly vyhodnotit rizika, která představují stoupající hladiny moří a nahodilé bouřkové jevy.
Větší spoléhání se na data však vyžaduje, aby zadávané informace byly stoprocentně přesné, což nemusí být vždy pravda.
„Například jedna banka označila asi 1 % svých zákazníků za zranitelné, ale po použití algoritmů AI se toto číslo zvýšilo na přibližně 35 %. Problémem je, že zatím nemáme úplnou důvěru v kvalitu informací a schopnost spolehlivě odstranit tzv. falešně pozitivní případy,“
přibližuje Ewen Fleming.
V regulaci je nejdále EU
Regulační orgány se snaží dohánět tempo technologických inovací. První pravidla pro umělou inteligenci na světě má EU. Zástupci členských států EU se počátkem letošního února shodli na konečném kompromisním znění
aktu o umělé inteligenci (AI Act)
. Nový akt EU o umělé inteligenci spočívá v klasifikaci technologií podle způsobu využití a zavedení různých úrovní omezení podle toho, jaké s sebou nesou riziko. Některé systémy chce EU zcela zakázat, další nástroje jako algoritmy na rozpoznávání obličejů by zase podléhaly silné regulaci.
Celou dobu jeho projednávání ho provázela bouřlivá diskuse. Kritizovali ho zejména zástupci byznysu, kteří se obávali znevýhodnění evropských firem vůči americkým a čínským konkurentům.
„Když technologie rychle postupuje, pak regulace pochopitelně zaostává. Hrozí však také druhý extrém, a to že může regulace zajít příliš daleko, což představuje podstatné riziko pro investované prostředky. Může také tlumit další inovace,”
komentuje Ewen Fleming a doplňuje:
„Jestliže první část technologické revoluce ve finančních službách trvala pět desetiletí, další fáze může trvat jen pět let.“
Tlak na vývojáře technologií, investory a regulační orgány, aby udrželi krok s tímto tempem změn, bude podle něj velmi intenzivní.
„I když otázka regulace je nepochybně legitimní, stále přetrvává nebývalý přinos, který pro sektor finančních služeb AI má. AI totiž nejen zvyšuje efektivitu a produktivitu ve finančních službách, ale také vede k lepší ochraně zákazníků, inovacím v produktech a službách a ke zlepšenému rozhodovacímu procesu. AI může například analyzovat transakční vzory v reálném čase a identifikovat podezřelé aktivity, což pomáhá předcházet podvodům. AI také umožňuje finančním institucím nabízet personalizované produkty a služby založené na historii a preferencích zákazníka. A v neposlední řadě AI může automatizovat rutinní a časově náročné úkoly, jako je zpracování úvěrů, což umožňuje rychlejší rozhodování a zvyšuje produktivitu. Chatboti a virtuální asistenti mohou poskytovat zákaznickou podporu 24/7, což zlepšuje zákaznickou zkušenost,“
doplňuje Martin Buranský, partner Moore Czech Republic.",2026-06-17T15:36:26.401031
https://www.moore-czech.cz/komunitni-energetika-muze-zmenit-cesko/,Komunitní energetika může změnit Česko,2024-01-24T14:25:43+00:00,2026-02-27T13:26:11+00:00,Eliška Jodasová,Tisková zpráva,"Stát podporuje energetickou transformaci měst a obcí  V závěru loňského roku Poslanecká sněmovna i Senát schválily přelomovou novelu energetického zákona známou jako Lex OZE II, která České republice otevřela cestu k rozvoji komunitní energetiky. Jedním z prvních kroků měst a obcí, který umožňuje nastartování komunitní energetiky, je zpracování místní energetické koncepce. Na to je aktuálně možné čerpat významnou dotační podporu.   Ministerstvo průmyslu […]",https://www.moore-czech.cz/wp-content/uploads/sites/3/2024/01/solar-scaled.jpg,4 minuty,"Sdílet
Link copied
Autor
Eliška Jodasová
Introduction
Stát podporuje energetickou transformaci měst a obcí
V závěru loňského roku Poslanecká sněmovna i Senát schválily přelomovou novelu energetického zákona známou jako Lex OZE II, která České republice otevřela cestu k rozvoji komunitní energetiky. Jedním z prvních kroků měst a obcí, který umožňuje nastartování komunitní energetiky, je zpracování místní energetické koncepce. Na to je aktuálně možné čerpat významnou dotační podporu.
Ministerstvo průmyslu a obchodu (MPO) financuje podporu zpracování místní energetické koncepce z Národního plánu obnovy. Od prosince o ni mohou žádat samosprávy v rámci výzvy č. NPO 3/2024. Žádosti je možné podávat on-line prostřednictvím portálu AIS MPO do 30. 6. 2025.
„Zpracování místní energetické koncepce významně pomáhá obcím a městům získat kompletní přehled o energetické bilanci svého území a identifikovat oblasti, kde dosahují nejvyšší nehospodárnosti, což je klíčové pro přesné zacílení energetických opatření,“
říká Tomáš Křapáček, manažer, Moore Advisory CZ, který se specializuje na energetiku municipalit. Jen v roce 2023 spolupracovala společnost Moore Advisory CZ na optimalizaci energetického portfolia ve více než dvou desítkách měst a obcí.
„
Spolupráce s našimi klienty ukazuje, že oblast energetiky nebyla, až na světlé výjimky, po dlouhé období strategicky řešena. Růst cen energií však způsobil znatelný nárůst nákladů a samosprávy musí reagovat. Je však nutné koncepční řešení. Doporučujeme, aby se samosprávy zamyslely nad energetickým směřováním a efektivně, například s ohledem na návratnost, prioritizovaly své rozvojové aktivity,“
upozorňuje
Tomáš Křapáček.
„V praxi se setkáváme s tím, že v řadě případů se první úvahy municipalit upínají na to, aby byly veškeré střechy osazeny solárními panely. Přes nesporná pozitiva fotovoltaických elektráren není vhodné zužovat řešení komplexní energetické oblasti jen na soláry, je to zkratkovité a nemusí to přinést ty nejlepší efekty ve smyslu energetických úspor nebo nových výnosů,“
varuje Tomáš Křapáček, manažer, Moore Advisory CZ.
Na zpracování místních energetických koncepcí mohou obce a města, popřípadě dobrovolné svazky obcí, získat dotační podporu ve výši 85 až 95 % z celkových způsobilých výdajů, a to v závislosti na velikosti, resp. počtu obyvatel řešeného území. O předchozí dotační výzvu byl ze strany samospráv takový zájem, že došlo k násobnému navýšení celkové finanční alokace.
Cesta ke komunitní energetice
Zpracování koncepce má pro samosprávy velký význam. Jejich prostřednictvím je možné detailně zhodnotit současný stav, inventarizovat svá odběrná místa a sestavit kompletní energetickou bilanci. Specifikem místních energetických koncepcí je skutečnost, že energetická bilance je sestavována nejen za majetek samosprávy, ale také za podnikatelský sektor a segment domácností.
„
Skutečnost, že do přípravy koncepce je zapojena širší veřejnost, je velmi důležitá k nezbytnému prohlubování vertikální spolupráce na lokální úrovni. Současně se mnohdy jedná o první krok směřující ke vzniku komunitní energetiky, kdy na základě získaných dat je možné kalkulovat očekávané energetické a ekonomické dopady sdílení energetických toků tak, jak umožňuje Lex OZE II. Vznik společenstev je v samosprávách v současnosti téma č. 1, přičemž využíváme naše nabyté zkušenosti, abychom procesně, organizačně a technicky umožnili vznik těchto lokálních komunit,
“ vysvětluje Tomáš Křapáček ze společnosti Moore Advisory CZ.
Novela energetického zákona nazvaná Lex OZE II otevírá cestu ke vzniku společenstev, v jejichž rámci mohou subjekty veřejného sektoru, domácnosti a podniky sdílet mezi sebou elektrickou energii. Podle Ministerstva průmyslu a obchodu decentralizace energetiky, ke které komunitní energetika přispěje, dá veřejnosti možnost vyrobenou elektrickou energii efektivně spotřebovávat na lokální úrovni, respektive v blízkosti míst výroby. Decentralizovaná energetika bude dle MPO v příštích letech doplňovat tu stávající, centralizovanou, jejímž principem je výroba energie z velkých centrálních zdrojů a její následný odběr širokým spektrem spotřebitelů.
„Místní energetické koncepce přinášejí také návrh energetických řešení. Vedle identifikace příležitostí dochází k vymezení očekávané výše investic, kalkulaci dopadů do energetické bilance a provozní ekonomiky, stejně jako k vyhodnocení celkové návratnosti. To umožňuje samosprávám svá opatření prioritizovat a realizovat správná a datově podložená rozhodnutí. Nezanedbatelný je rovněž environmentální aspekt, kdy v realizační fázi pak dochází k plnému a promyšlenému využití potenciálu obnovitelných zdrojů energie,“
uzavírá Tomáš Křapáček, manažer, Moore Advisory CZ.",2026-06-17T15:36:29.467222
https://www.moore-czech.cz/hybridni-prace-zvysuje-produktivitu-firem/,Hybridní práce zvyšuje produktivitu firem,2024-01-18T14:22:06+00:00,2026-02-27T13:21:19+00:00,Eliška Jodasová,Tisková zpráva,"Podle výzkumu společnosti Moore Global má hybridní způsob práce pozitivní dopad na produktivitu. Shodli se na tom zástupci většiny středně velkých firem v klíčových ekonomikách světa. Tyto firmy proto dále zvyšují podporu tohoto flexibilního způsobu práce.  „Hybridní práce je moderní pracovní model, který kombinuje práci z kanceláře a práci na dálku (většinou z domova). Tento model poskytuje zaměstnancům flexibilitu v […]",https://www.moore-czech.cz/wp-content/uploads/sites/3/2024/01/shutterstock_527845618-scaled.jpg,5 minut,"Sdílet
Link copied
Autor
Eliška Jodasová
Introduction
Podle výzkumu společnosti Moore Global má hybridní způsob práce pozitivní dopad na produktivitu. Shodli se na tom zástupci většiny středně velkých firem v klíčových ekonomikách světa. Tyto firmy proto dále zvyšují podporu tohoto flexibilního způsobu práce.
„Hybridní práce je moderní pracovní model, který kombinuje práci z kanceláře a práci na dálku (většinou z domova). Tento model poskytuje zaměstnancům flexibilitu v tom, kde a někdy i kdy pracují, ale stále udržuje určitou míru fyzické přítomnosti v kanceláři. V posledních letech se stále více rozšiřuje a získává na popularitě,“
řekla Marcela Hrdá, partnerka Moore Czech Republic.
Podle průzkumu společnosti Moore Global mezi téměř 2 000 vedoucími pracovníky středně velkých společnosti ve 12 klíčových světových ekonomikách
1
se podpora práce z domova zvýšila ve většině odvětví hospodářství. Výjimkou jsou pohostinství, cestovní ruch a výroba, kde jsou možnosti aplikace hybridní práce omezené. Výzkum se týkal pozic ve firmách, u nichž je hybridní práce aplikovatelná. Zúčastnili se ho podnikatelé a vlastníci-manažeři středně velkých firem. Ti obvykle očekávají, aby vše nové, co aplikují ve svých firmách, mělo trvalý přínos pro vztahy se zaměstnanci a odrazilo se v růstu efektivity a hospodářského výsledku. To očekávají i od hybridní práce.
Hlavní závěry výzkumu společnosti Moore k hybridní práci
77 % vedoucích pracovníků uvedlo, že jejich firma začala více podporovat práci na dálku díky pandemii Covid-19.
Šest z deseti respondentů uvedlo, že hybridní práce má pozitivní dopad na produktivitu.
68 % respondentů uvedlo, že jejich společnost začala v důsledku pandemie více podporovat rozvoj aktivit v oblasti e-commerce, tedy rozvoj obchodních aktivit na internetu nebo pomocí dalších elektronických prostředků.
Nejzřetelnější a dlouhodobou změnou byl nárůst práce na dálku, kdy více než tři čtvrtiny respondentů uvedly, že ji nyní podporují více než před pandemií Covid.
Největší změnu v ochotě aplikovat práci na dálku zaznamenala odvětví energetiky a veřejných služeb, kde 91 % organizací vyjádřilo větší podporu tomuto způsobu práce. Dalšími odvětvími se silnou podporou hybridní práce nad 80 % byly sektory správy majetku a nemovitostí, IT, automobilový a letecký průmysl, elektrotechnika, účetnictví, finance a další profesionální služby jako například poradenství. Jejich podpora práce na dálku odráží schopnost využívat technologie k tomu, aby umožnily bílým límečkům a týmům zákaznických služeb efektivně vykonávat svou práci mimo tradiční místa u kancelářských stolů.
Hlavním přínosem práce na dálku bylo reálné zvýšení produktivity
Více než polovina podniků ve všech odvětvích – kromě pohostinství a cestovního ruchu – se domnívá, že hybridní práce pozitivně ovlivnila jejich produktivitu. V celém vzorku 62 % respondentů uvedlo, že hybridní práce pomáhá produktivitě. Zjištěné přínosy jsou však do značné míry závislé na schopnosti odvětví přejít na práci na dálku.
Graf: Podíl respondentů v jednotlivých odvětvích, kteří uvedli, že hybridní práce pozitivně ovlivnila produktivitu jejich organizace
Zdroj: Moore Global
Hybridní způsob práce má řadu výhod pro zaměstnance i zaměstnavatele
Výhody pro zaměstnance
Flexibilita: Zaměstnanci mohou lépe sladit pracovní a osobní život. Mohou například snížit dobu strávenou dojížděním a mít více času pro rodinu nebo koníčky.
Zvýšená produktivita: Mnoho lidí uvádí, že jsou produktivnější doma, kde jsou méně rušeni než v kanceláři. Růst produktivity ostatně potvrzuje i výzkum společnosti Moore.
Lepší vyvážení pracovního a osobního života: Flexibilita v práci na dálku umožňuje lepší vyvážení mezi pracovními povinnostmi a osobním životem.
Zlepšení psychického zdraví: Snížení stresu spojeného s dojížděním a flexibilnější pracovní režim může přispět k lepšímu duševnímu zdraví.
Výhody pro zaměstnavatele
Zvýšená produktivita a angažovanost zaměstnanců: Šťastnější zaměstnanci, kteří mají vyváženější pracovní a osobní život, bývají produktivnější a více angažovaní ve své práci.
Snížení nákladů: Firmy mohou snížit náklady na kancelářské prostory a související náklady, jako jsou energie a vybavení.
Atraktivita firmy pro nové talenty: Firmy nabízející hybridní model práce jsou často atraktivnější pro talentované pracovníky, kteří hledají flexibilitu v práci.
Podpora diverzity a inkluze: Hybridní pracovní model může být přínosný pro zaměstnance s různými potřebami a životními situacemi, například pro rodiče malých dětí nebo pro osoby se zdravotním postižením.
„Hybridní způsob práce přináší řadu výhod jak pro zaměstnance, tak pro zaměstnavatele, včetně větší flexibility, zvýšené produktivity a lepšího vyvážení mezi pracovním a osobním životem. Výzvou však může být udržení firemní kultury, komunikace a spolupráce mezi zaměstnanci, když nejsou vždy fyzicky přítomni v kanceláři. Efektivní implementace hybridního modelu vyžaduje pečlivé plánování, jasné komunikační strategie a vhodné technologické nástroje,“
řekla Marcela Hrdá, partnerka Moore Czech Republic.",2026-06-17T15:36:32.551505
https://www.moore-czech.cz/moore-accounting-posiluje-akvizici-intras-group-a-dewa-consult/,Moore Accounting posiluje akvizicí Intras Group a DEWA Consult,2026-07-02T08:07:36+00:00,2026-07-02T08:07:42+00:00,Eliška Jodasová,Tisková zpráva,"Společnost Moore Accounting CZ pokračuje ve strategii dlouhodobého růstu a posilování své pozice na trhu outsourcingových služeb v oblasti vedení účetnictví, zpracování mezd a daňového poradenství. Nejnovějším krokem v tomto směru je získání majoritního podílu ve společnostech Intras Group a DEWA Consult. Akvizice posiluje pozici Moore Accounting CZ na trhu Moore Accounting CZ je součástí […]",https://www.moore-czech.cz/wp-content/uploads/sites/3/2026/07/shutterstock_2548868887-scaled.jpg,3 minuty,"Sdílet
Link copied
Autor
Eliška Jodasová
Introduction
Společnost Moore Accounting CZ pokračuje ve strategii dlouhodobého růstu a posilování své pozice na trhu outsourcingových služeb v oblasti vedení účetnictví, zpracování mezd a daňového poradenství. Nejnovějším krokem v tomto směru je získání majoritního podílu ve společnostech Intras Group a DEWA Consult.
Akvizice posiluje pozici Moore Accounting CZ na trhu
Moore Accounting CZ je součástí skupiny Moore Czech Republic, která svým klientům poskytuje komplexní portfolio služeb napříč divizemi. Začlenění společností Intras Group a DEWA Consult vytváří
silnější odborné zázemí, rozšiřuje regionálního pokrytí a propojuje zkušeností
všech zapojených společností. Moore Accounting CZ tak posiluje svůj tým na víc než
130 odborníků
, kteří budou klientům poskytovat ještě širší portfolio služeb i přístup k mezinárodnímu know-how, které přináší síť Moore Global působící ve 119 zemích světa.
Spojení představuje další významný krok v
dlouhodobé strategii skupiny Moore Czech Republic zaměřené na budování silné skupiny účetních, auditních a poradenských společností
, které sdílejí stejné hodnoty – vysokou odbornost, individuální přístup ke klientům, důraz na kvalitu poskytovaných služeb a moderní technologie.
„
Naší ambicí není růst pouze prostřednictvím akvizic. Hledáme především partnery, kteří sdílejí naši firemní kulturu a chtějí společně budovat moderní poradenskou skupinu schopnou poskytovat klientům služby na nejvyšší profesionální úrovni. Propojení společností Intras Group a DEWA consult se skupinou Moore představuje další významný krok v naplňování této strategie,“ uvádí Petr Kymlička
, řídící partner skupiny Moore Czech Republic.
Pavel Švarc se stává ředitelem Moore Accounting
Společnost Intras Consulting působí na trhu od roku 1991 a postupně se vyprofilovala v komplexního poskytovatele účetních, mzdových a daňových služeb. Pod vedením JUDr. Pavla Švarce, předsedy představenstva a dlouholetého majitele, vyrostla ve stabilní firmu obsluhující klienty z poboček v Praze, Mostě a Ostravě. Spolu se společností DEWA Consult tak do skupiny Moore Czech Republic přichází zkušený tým i rozsáhlé know-how. Pavel Švarc nově usedá do čela divize Moore Accounting, kterou bude dále rozvíjet.
Marcela Hrdá, partnerka skupiny odpovědná za Moore Accounting CZ, dodává:
„Intras Group i DEWA consult jsou společnosti s dlouholetými zkušenostmi, vysokou odborností a velmi dobrou pověstí na trhu. Věřím, že vzájemná spolupráce nám umožní sdílet zkušenosti, rozvíjet odborné kompetence a společně vytvářet ještě silnější prostředí pro naše zaměstnance i klienty. Právě lidé a jejich know-how jsou tím nejcennějším, co do skupiny Moore přichází. V osobě Pavla Švarce získáváme manažera, který má letití odborné zkušenosti a sdílí s námi stejnou vizi růstu.“
„Těší mě, že i nadále budu zastávat strategickou roli vůči klientům, kteří budou mít stále k dispozici špičkové poradenství. Navíc nově se zázemím velkého týmu a celé skupiny Moore, jejíž přesah do dalších oblastí služeb řada klientů jistě ocení
,“ říká Pavel Švarc, ředitel divize Moore Accounting CZ.",2026-07-02T09:52:12.038883
https://www.moore-czech.cz/muzi-hodnoti-sveho-zamestnavatele-pozitivneji-nez-zeny/,Muži hodnotí svého zaměstnavatele pozitivněji než ženy,2026-07-09T08:41:51+00:00,2026-07-09T08:42:44+00:00,Eliška Jodasová,Tisková zpráva,"Jedničku za rovné příležitosti dá firmě 42 % mužů, ale jen 32 % žen. Muži a ženy hodnotí přístup svého zaměstnavatele k rovným příležitostem rozdílně. Muži jsou ve všech ohledech shovívavější. Jedničku by firmě na škále jako ve škole dalo 42 % mužů, ale jen 32 % žen. S omezením kariérní příležitosti kvůli pohlaví se […]",https://www.moore-czech.cz/wp-content/uploads/sites/3/2026/07/shutterstock_2625238475-1.jpg,4 minuty,"Sdílet
Link copied
Autor
Eliška Jodasová
Introduction
Jedničku za rovné příležitosti dá firmě 42 % mužů, ale jen 32 % žen
.
Muži a ženy hodnotí přístup svého zaměstnavatele k rovným příležitostem rozdílně. Muži jsou ve všech ohledech shovívavější. Jedničku by firmě na škále jako ve škole dalo 42 % mužů, ale jen 32 % žen. S omezením kariérní příležitosti kvůli pohlaví se osobně nebo u kolegů setkalo 18 % zaměstnanců, v 70 % případů šlo o omezení žen, a téměř čtvrtina lidí vnímá, že rodičovství škodí kariéře především ženám. Pravidelné kontroly rozdílů v platech mezi pohlavími by přitom uvítalo 40 % žen, ale pouze 18 % mužů. Vyplývá to z exkluzivního průzkumu společnosti Ipsos mezi 525 firmami pro poradenskou skupinu Moore Czech Republic.
Muži
přidělují
firmě o třetinu lepší „prospěch“
Rozdíl mezi tím, jak firmu vnímají muži a jak ženy, se táhne napříč celým průzkumem. Na škále 1 až 5, jako ve škole, dá firmě za přístup k rovným příležitostem jedničku 42 % mužů, ale jen 32 % žen; jedničku nebo dvojku dohromady 68 % mužů oproti 61 % žen. Podobně je to s vnímáním vedení. To, že společnost aktivně prosazuje rovnost mezi muži a ženami, si myslí 29 % mužů, ale jen 21 % žen. Rozdíl je patrný i u konkrétnější otázky, komu firma svěřuje odpovědnost a pravomoci. Rovné šance v této oblasti vidí 58 % mužů, ale jen 43 % žen.
„Muži a ženy hodnotí stejnou firmu rozdílně v podstatě ve všech oblastech. Je to signál, že firma nemá jasně nastavená a komunikovaná pravidla, podle kterých se řídí odměňování, povyšování i přidělování odpovědnosti. Tam, kde chybí transparentní kritéria, si každý dotváří obrázek podle vlastní zkušenosti,“
říká Marcela Hrdá, partnerka poradenské skupiny Moore Czech Republic.
Kontroly rozdílů v platech? Souhlasí 2x více žen než mužů
Když měli respondenti vybrat opatření, která by zlepšila rovnost pracovních příležitostí, nejčastěji volili transparentní pravidla pro odměňování a povýšení (47 %). Téměř třetina (30 %) by uvítala pravidelné kontroly rozdílů v platech mezi pohlavími. Mezi ženami je to 40 %, mezi muži jen 18 %. Čtyři z deseti respondentů by ocenili návratové programy po rodičovské dovolené, například školky nebo možnost částečného úvazku.
„Zaměstnanci sami nejvíc volají po transparentních pravidlech odměňování a povýšení. Přesně to firmám v příštích letech uloží směrnice o transparentnosti. Firmy, které s přípravou začnou už teď, budou mít náskok, až se z doporučení stane zákonná povinnost
,“ uzavírá Marcela Hrdá, partnerka poradenské skupiny Moore Czech Republic.
Více
než
2 ze 3 případů omezování příležitostí se týkalo žen
S omezením pracovní příležitosti kvůli pohlaví, ať už osobně, nebo u kolegů, se setkalo 18 % dotazovaných. V 70 % případů šlo o omezení žen. Hlavní bariérou jsou podle respondentů nedostatečné podmínky pro sladění práce a rodinného života (39 %), teprve poté rozdíly ve mzdách (25 %). Rodičovství vnímá jako faktor, který škodí kariéře především ženám, 23 % respondentů. Mezi ženami samotnými je to 30 %. Že se žena po rodičovské dovolené vrátila na stejnou pozici, potvrdilo 58 % účastníků průzkumu, 16 % uvedlo, že ne. Z těch, kteří odpověděli záporně, popsalo 41 % návrat na nižší pozici, mezi ženami samotnými dokonce 57 %.
„Rodičovství pořád funguje jako neformální kariérní bod zlomu, hlavně pro ženy. Pokud podnik nemá jasně nastavený proces návratu po rodičovské dovolené a neumí ho zaměstnancům vysvětlit, zbytečně přichází o zkušené lidi,“
doplňuje Marcela Hrdá.
Firmy nemají rovnost dotaženou do praxe
Podle průzkumu má oficiální politiku rovnosti a diverzity, o které aktivně informuje zaměstnance, jen 16 % podniků. Dalších 14 % ji sice má, ale většina zaměstnanců o ní neví, a plných 42 % zaměstnanců netuší, zda se vedení tématem vůbec zabývá. Podobně je na tom flexibilita práce. Možnost práce z domova, zkráceného úvazku nebo pružné pracovní doby nabízí všem zaměstnancům jen 18 % společností, zatímco 39 % firem flexibilitu nenabízí vůbec.",2026-07-09T10:18:16.959314
https://www.moore-czech.cz/nova-pravidla-pro-obaly-dopadnou-na-desitky-tisic-ceskych-e-shopu/,Nová pravidla pro obaly dopadnou na desítky tisíc českých e-shopů,2026-07-15T10:16:58+00:00,2026-07-15T10:17:01+00:00,Eliška Jodasová,Tisková zpráva,"Od 12. srpna 2026 bude účinné evropské nařízení o obalech, které dopadne nejen na výrobce obalů, ale i na dovozce, distributory a internetové obchody, tedy na desítky tisíc tuzemských e-shopů. Firmy musí mít pro obaly technickou dokumentaci a začíná platit zákaz PFAS v obalech určených pro styk s potravinami. Tyto látky se dosud běžně používají […]",https://www.moore-czech.cz/wp-content/uploads/sites/3/2026/07/shutterstock_2648380195-scaled.jpg,6 minut,"Sdílet
Link copied
Autor
Eliška Jodasová
Introduction
Od 12. srpna 2026 bude účinné evropské nařízení o obalech, které dopadne nejen na výrobce obalů, ale i na dovozce, distributory a internetové obchody, tedy na desítky tisíc tuzemských e-shopů. Firmy musí mít pro obaly technickou dokumentaci a začíná platit zákaz PFAS v obalech určených pro styk s potravinami. Tyto látky se dosud běžně používají v krabicích na pizzu, fastfoodových sáčcích nebo nepromastitelných pekárenských sáčcích. Od roku 2030 navíc začne platit limit maximálně 50 % prázdného prostoru v zásilce, do kterého se počítají i výplně. V gastronomii se už v roce 2027 umožní plnění do vlastních nádob zákazníka. Od roku 2028 se zavedou harmonizované štítky o složení obalu a od roku 2029 QR kódy na opakovaně použitelných obalech.
Za obal bude odpovídat i malý online prodejce
Nařízení Evropského parlamentu a Rady nahrazuje více než třicet let starou evropskou směrnici o obalech a poprvé zavádí pravidla platná přímo ve všech členských státech bez národní transpozice. Pozornost firem se dosud soustředila hlavně na vzdálenější a mediálně známější požadavky, jako je omezení prázdného prostoru v zásilkách nebo povinná recyklovatelnost obalů. Ty ale nastupují až v letech 2028 až 2030. Podstatná změna přitom přichází už letos v srpnu. Rozšiřuje se okruh subjektů, které nesou odpovědnost výrobce obalu. Nově do něj mohou spadat i dovozci, e-shopy a online platformy, které dodávají balené zboží zákazníkům.
„Řada e-shopů si stále myslí, že mají čas do roku 2030, kdy nabíhají nejznámější povinnosti. Už letos v srpnu se ale mění samotná definice výrobce obalu a s ní i to, kdo za obal nese odpovědnost. Dovozce zboží nebo provozovatel e-shopu, který dosud obalové povinnosti přenechával dodavateli, se tak může ocitnout v roli výrobce s plnou odpovědností za shodu obalu s nařízením,“
říká Marcela Hrdá, partnerka poradenské společnosti Moore Czech Republic.
Bez dokumentace hrozí zákaz prodeje
Od 12. srpna 2026 musí mít každý subjekt zpracované prohlášení o shodě a technickou dokumentaci dokládající materiálové složení a splnění limitů nařízení. Pro obaly určené ke styku s potravinami začíná platit zákaz PFAS nad stanovené prahové hodnoty. Povinnosti platí bez přechodného období a u dovozu ze třetích zemí může chybějící dokumentace znamenat zdržení, nebo dokonce zákaz uvedení zboží na trh ze strany dozorových orgánů.
„Firmám doporučujeme co nejdříve provést audit obalového portfolia. Tedy zjistit, jaké obaly používají, v jaké roli je uvádějí na trh a jestli mají od dodavatelů písemnou dokumentaci o jejich složení. Ústní ujištění dodavatele už nestačí. Do účinnosti nařízení zbývá jen několik týdnů, na základní prověření a nastavení procesů to ale ještě stačí,“
vysvětluje Marcela Hrdá.
Nejtěžší to budou mít menší e-shopy
Velké firmy mají zpravidla vlastní compliance týmy, právní zázemí a zdokumentované vztahy s dodavateli, do kterých nové povinnosti vstřebají.
„
Většina malých a středních e-shopů nic z toho nemá. Někdo ve firmě musí obalovou agendu formálně převzít, často vůbec poprvé, a dokumentaci od dodavatelů je potřeba začít systematicky sbírat a archivovat,
“ upřesňuje Marcela Hrdá.
Mikropodniky mají podle nařízení v některých oblastech mírnější požadavky, z regulace ale vyjmuté nejsou. K průběžným nákladům se navíc přidávají poplatky v rámci rozšířené odpovědnosti výrobce, které budou nově odstupňované podle recyklovatelnosti obalu.
„Čím hůře recyklovatelný obal, tím vyšší poplatek. U problematických obalových formátů se v zahraničních analýzách zmiňují částky v řádu desetin eura až jednoho eura za kus,“
uzavírá Marcela Hrdá.
Potravináře tlačí chemie a čas, módu logistika
Nejblíže má první vlna nařízení k potravinářství a gastronomii. Od 12. srpna nesmí být na trh uváděny obaly pro styk s potravinami s obsahem PFAS, tzv. věčných chemikálií. Tyto látky se dosud běžně používaly v obalech s úpravou proti mastnotě a vlhkosti. Typicky jde o krabice na pizzu, papírové kelímky, sáčky na popcorn nebo nepromastitelné pekárenské sáčky. Označení materiálu jako „food-safe“ přitom nestačí. Výrobci potravin, restaurace i pekárny by si měli od dodavatelů obalů vyžádat písemné potvrzení o splnění limitů PFAS. Náhradní úpravy papíru existují, jsou ale zpravidla dražší, takže je třeba počítat se zdražením gastro obalů.
Oděvní segment patří vedle malých e-shopů k odvětvím, na která regulace dopadne nejvíce, hlavní tlak ale přijde s rokem 2030. Objednávky oblečení bývají rozměrově velmi variabilní a často končí v krabicích větších, než je potřeba. Limit maximálně 50 % prázdného prostoru v zásilce, do kterého se počítají i výplně jako bublinková fólie nebo vzduchové polštářky, proto módní e-shopy donutí přejít na menší krabice, papírové obálky a flexibilní obalové systémy přizpůsobené velikosti produktu. Na textilní a obuvnické značky navíc dopadnou požadavky na recyklovaný obsah. Přestavba balicích procesů přitom trvá měsíce až roky, proto by s ní firmy měly začít s předstihem.
Výrobci řadu pravidel plní dlouhodobě, náročná je evidence
Pohled etablovaných výrobců a značek ukazuje, že samotné technické požadavky nařízení nemusí být tou největší překážkou. Tou je administrativa spojená s doložením shody napříč celým sortimentem.
„Řadu principů, na kterých nové nařízení stojí, u našich obalů zohledňujeme již dnes. Zásadní změnou je ale rozsah evidence a dokumentace, kterou bude nutné systematicky spravovat. Při počtu produktů v našem portfoliu jde o obrovské množství dat o použitých materiálech, složení a vlastnostech jednotlivých obalů. Tato data musíme mít doložená, průběžně aktualizovaná a v případě kontroly dostupná pro dozorové orgány,“
říká Luboš Cinek, zástupce značky Sencor.
Co přijde v dalších letech
V roce 2027 přibude v gastronomii povinnost umožnit plnění do vlastních nádob zákazníka, od roku 2028 povinné harmonizované štítky s informací o materiálovém složení obalu a od roku 2029 označování opakovaně použitelných obalů QR kódy. Od roku 2030 pak začne platit limit maximálně 50 % prázdného prostoru u skupinových, přepravních a e-commerce zásilek, zákaz nadměrného balení, požadavek na minimální recyklovatelnost obalů a povinnost nabídnout zákazníkovi znovupoužitelný obal. Požadavky na recyklovatelnost se dále zpřísní v roce 2038.",2026-07-16T09:08:31.696422
https://www.moore-czech.cz/do-kriticke-infrastruktury-spadnou-dopravci-ci-potravinari-ceny-mohou-vzrust/,Do kritické infrastruktury spadnou dopravci či potravináři. Ceny mohou vzrůst,2026-07-20T14:22:39+00:00,2026-07-20T14:22:43+00:00,Eliška Jodasová,Tisková zpráva,"Česko dokončilo znění nového zákona o kritické infrastruktuře, který výrazně rozšiřuje okruh firem, jež stát považuje za klíčové pro chod společnosti. Tento zákon nabývá účinnosti 1.8.2026 a nově se týká například dopravních podniků, železniční dopravy, nemocnic, potravinářů nebo finančního sektoru. Dotčené firmy čeká jednorázová investice v řádu milionů korun a následně minimálně statisíce korun ročně […]",https://www.moore-czech.cz/wp-content/uploads/sites/3/2026/07/shutterstock_2743397011-scaled.jpg,4 minuty,"Sdílet
Link copied
Autor
Eliška Jodasová
Introduction
Česko dokončilo znění nového zákona
o kritické infrastruktuře, který výrazně rozšiřuje okruh firem, jež stát považuje za klíčové pro chod společnosti. Tento zákon nabývá účinnosti 1.8.2026 a nově se týká například dopravních podniků, železniční dopravy, nemocnic, potravinářů nebo finančního sektoru. Dotčené firmy čeká jednorázová investice v řádu milionů korun a následně minimálně statisíce korun ročně na údržbu a provoz. Celkově tak podniky
proinvestují miliardy korun
. Podle poradenské skupiny Moore Czech Republic se zvýšené náklady mohou promítnout do koncových cen pro spotřebitele. Každý subjekt navíc bude muset projít cvičením podle scénáře, který zadá ministerstvo vnitra a jehož průběh budou jeho úředníci osobně sledovat.
Nově bude v kritické infrastruktuře MHD či velcí zemědělci
Nová legislativa je transpozicí evropské směrnice. Některé dotčené organizace se o chystaných povinnostech dozvěděly již dříve v průběhu legislativního procesu, teprve nyní však vláda schválila finální znění zákona. Oproti dnešnímu stavu se okruh chráněných subjektů výrazně rozšiřuje. Nově přibydou oblasti jako potravinářství a dodávky potravin, zdravotnictví, doprava včetně městské hromadné a železniční dopravy, komunikační systémy i finanční trh.
„
Mezi dotčené tak mohou patřit i subjekty, u nichž by to široká veřejnost na první pohled nečekala. Například zemědělci s velkochovem nad 45 tisíc kusů prasat či větší výrobci mléka
,“ vysvětluje Radek Dvořáček, senior manager Moore Technology CZ.
Nejde jen o kyberbezpečnost
Kybernetická bezpečnost je jen jednou částí požadavků. Zákon míří i na fyzickou bezpečnost, jako jsou kamerové systémy a zabezpečení objektů. Dále se to týká vnitropodnikových procesů včetně personálního zajištění nepřetržitého provozu.
„
Firmy musí zavést krizové řízení, jmenovat krizového manažera, průběžně vyhodnocovat rizika a mít připravené postupy reakce na incidenty i plány kontinuity služby pro případ blackoutu nebo jiné krize. Opatření přitom nejsou plošná ani univerzální
. L
iší se podle sektoru i podnik od podniku, podle toho, jak má daná firma zavedené procesy i jak má rozmístěné své provozy,
“ popisuje Radek Dvořáček.
Milionové investice a jen osm měsíců na přípravu
Splnění nových povinností nebude levné. U většího subjektu, jako je dopravní podnik, se za zavedení opatření očekávají investice v řádu vyšších jednotek milionů korun. A následně minimálně statisíce korun ročně na provoz a údržbu. Protože do nových povinností bude muset investovat stovky firem, jde v součtu o řádově miliardy korun, které poputují do zabezpečení.
„
Vzhledem k objemu investic se část nákladů může promítnout do koncových cen pro spotřebitele, ať už jde o jízdné, potraviny nebo další služby,“
upřesňuje Radek Dvořáček.
Některé z největších dotčených organizací přitom už s předstihem obdržely od ministerstva vnitra oznámení o svém zařazení.
„Ostatní mají povinnost se samoidentifikovat. Ignorování této povinnosti se přitom dle legislativy považuje za přestupek, za který hrozí pokuta až 25 000 000 Kč,“
upozorňuje Radek Dvořáček.
Cvičení pod dohledem úředníků ministerstva vnitra
Jedním ze způsobů ověření připravenosti je například vykonání cvičení dle krizového scénáře, jehož zadání určí ministerstvo. Nestačí mít krizové postupy jen na papíře. Organizace je budou muset názorně předvést za provozu, a to za účasti úředníků ministerstva, kteří se na průběh přijdou podívat. Cvičení proběhne maximálně jednou za rok a firma na ně dostane upozornění tři měsíce dopředu.
„Daný subjekt bude muset vykonat cvičení, které mu definuje ministerstvo. Pošlou mu scénář v
e smyslu, že se přijdou podívat, jak to zvládne
. Firmy tedy nebudou muset mít postupy jen na papíře, ale budou je muset jasně demonstrovat v provozu,“
uzavírá Radek Dvořáček, senior manager Moore Technology CZ.",2026-07-21T09:22:44.683566
https://www.moore-czech.cz/automotive-ztraci-prizen-investoru-presto-pocet-fuzi-a-akvizic-roste/,"Automotive ztrácí přízeň investorů, přesto počet fúzí a akvizic roste",2026-07-29T11:32:41+00:00,2026-07-29T11:35:27+00:00,Eliška Jodasová,Tisková zpráva,Český M&A trh v prvním pololetí 2026 táhla generační výměna. Počet dokončených fúzí a akvizic v České republice v prvním pololetí letošního roku podle odhadu poradenské skupiny Moore Czech Republic vzrostl meziročně o 10 až 15 procent. Hlavním motorem trhu zůstala generační výměna v rodinných firmách založených v devadesátých letech. Zájem investorů se soustředí především […],https://www.moore-czech.cz/wp-content/uploads/sites/3/2026/07/shutterstock_2531954799.jpg,5 minut,"Sdílet
Link copied
Autor
Ing. Petr Kymlička
Partner
Introduction
Český M&A trh v prvním pololetí 2026 táhla generační výměna
.
Počet dokončených fúzí a akvizic v České republice v prvním pololetí letošního roku podle odhadu poradenské skupiny Moore Czech Republic vzrostl meziročně o 10 až 15 procent. Hlavním motorem trhu zůstala generační výměna v rodinných firmách založených v devadesátých letech. Zájem investorů se soustředí především na obranný průmysl, umělou inteligenci a zdravotnictví, kde valuace nejžádanějších podniků přesahují desetinásobek ročního provozního zisku před odpisy a zdaněním (EBITDA). Naopak společnosti navázané na automobilový průmysl o přízeň investorů přicházejí a jejich ocenění v některých případech klesá pod čtyřnásobek EBITDA. Roste také aktivita českého kapitálu v zahraničí, protože tuzemský trh už je pro řadu z nich malý.
Trh pohání generační výměna
Struktura transakcí z pohledu oborů v podstatě kopíruje strukturu českého hospodářství. Převažují výrobní společnosti, postupně se ale zvyšuje podíl firem poskytujících odborné služby. Významně roste také počet akvizic ve zdravotnictví, ve vzdělávání a v dalších oborech, které byly dříve doménou státu. Pro první pololetí byl zároveň charakteristický vstup prvních private equity investorů do firem působících v oblasti outsourcingu účetnictví a v souvisejících službách.
„Hlavní příčinou růstu je pokračující generační výměna v řadách původních zakladatelů, kteří velmi často nemohou najít vhodného nástupce v rodině. Prodávající jsou dnes o možných valuačních přístupech vcelku dobře informováni, takže se očekávání obou stran transakce postupně sbližují. Výjimkou zůstávají někteří „otci zakladatelé“, u nichž sentiment občas vede k nerealistickým představám o ceně,“
říká Petr Kymlička, partner poradenské skupiny Moore Czech Republic.
Zbrojaři lámou rekordy, nastupuje umělá inteligence
Novými horkými obory byly v prvním pololetí vývoj a výroba dronů a implementace umělé inteligence. Poptávka investorů se v nich zvyšuje dokonce i po společnostech charakteru startupů. Kupující tak reagují na mimořádnou kondici celého odvětví. Tržby českého obranného průmyslu podle Hospodářské komory vzrostly v roce 2024 na zhruba 140 miliard korun a za rok 2025 odhady počítají se 160 až 180 miliardami, přičemž přibližně 90 procent produkce míří na export. Dlouhodobý výhled oboru podporuje závazek členských zemí NATO z loňského summitu v Haagu zvýšit do roku 2035 výdaje na obranu na 5 procent HDP. Rychle roste i poptávka po umělé inteligenci. Podle Českého statistického úřadu používalo loni technologie umělé inteligence 18 procent tuzemských podniků s více než deseti zaměstnanci, tedy zhruba o polovinu více než v roce 2024, a u velkých podniků podíl poprvé překročil polovinu.
Ve zdravotnictví poptávku investorů posiluje stárnutí populace a pokračující konsolidace ambulantní i specializované péče. Například největší tuzemská síť ambulancí EUC loni zvýšila obrat zhruba o desetinu na 5,7 miliardy korun a v prvním pololetí dokončila další akvizici.
„Valuační multiplikátory velmi přesně odrážejí poptávkové trendy. Nad desetinásobek EBITDA rostou zejména podniky působící v oblasti obrany a medicíny,“
vysvětluje Petr Kymlička.
Firmy navázané na automotive ztrácejí valuaci
Jednoznačně nejslabším segmentem trhu je automobilový průmysl a navazující obory. Evropské automobilky a jejich strategičtí dodavatelé procházejí hlubokou restrukturalizací, kterou provází zatím relativně nízká poptávka po elektromobilech, tlak na ceny i sílící čínská konkurence. Podle evropské asociace dodavatelů CLEPA je u dodavatelů automobilek na kontinentu do roku 2030 ohroženo až 350 tisíc pracovních míst a rozsáhlé propouštění už ohlásily například koncerny Volkswagen, Continental nebo ZF.
„Stávající situace velkých evropských automobilek vede k omezenému zájmu o automotive v České republice, a to nejen ve výrobě, ale také v distribuciprodeji. Valuace těchto firem klesají, multiplikátory se v některých případech dostávají i pod čtyřnásobek EBITDA. Automotive je zároveň jediným segmentem, kde se nůžky mezi očekáváním prodávajících a kupujících dále rozevírají,“
upřesňuje Petr Kymlička.
Českým investorům je domácí trh malý
Roste počet přeshraničních transakcí, a to zejména díky aktivitě českých investorů v zahraničí. O akvizice za hranicemi se vedle největších finančních skupin zajímají už i středně velké firmy. V celkovém počtu transakcí nicméně zatím stále převažují inbound obchody, tedy nákupy českých společností zahraničním kapitálem. Z pohledu typu kupujících se trh příliš nemění, za pozornost však stojí postupná proměna čistě finančních investorů v investory finančně strategické.
„Tato proměna finančním investorům umožňuje úspěšnou konsolidaci vybraných segmentů trhu a zároveň zlepšuje jejich bonitu a důvěryhodnost v očích prodávajících,“
doplňuje Petr Kymlička.
Trh čeká další růst
Moore Czech Republic očekává, že počet transakcí poroste i ve druhém pololetí a v nejbližších letech, i když s postupně se zpomalující dynamikou. Vývoj trhu nejvíce ovlivní globální politická a ekonomická situace, která přímo formuje strukturu poptávky.
„Největší potenciál mají do budoucna obory obrany, umělé inteligence, medicíny a vzdělávání,“
uzavírá Petr Kymlička.",2026-07-30T09:24:55.325002
https://www.moore-czech.cz/prijmy-ze-zahranici-rostou-v-podilu-bohatstvi-zustavajiciho-doma-se-cr-zlepsila-nejvice-z-eu/,Příjmy ze zahraničí rostou. V podílu bohatství zůstávajícího doma se ČR zlepšila nejvíce z EU,2026-08-05T07:51:05+00:00,2026-08-05T07:52:48+00:00,Eliška Jodasová,Tisková zpráva,"Hrubý národní důchod dosahuje rekordních 97,5 % HDP a mezeru zavírá především expanze tuzemských firem do zahraničí Podíl bohatství vytvořeného v Česku, které v zemi skutečně zůstává, je nejvyšší v historii samostatné republiky. Hrubý národní důchod dosáhl podle předběžných dat za rok 2025 už 97,5 % hrubého domácího produktu, zatímco v roce 2010 to bylo […]",https://www.moore-czech.cz/wp-content/uploads/sites/3/2026/08/shutterstock_2770654543-scaled.jpg,7 minut,"Sdílet
Link copied
Autor
Ing. Petr Kymlička
Partner
Introduction
Hrubý národní důchod dosahuje rekordních 97,5 % HDP a mezeru zavírá především expanze tuzemských firem do zahraničí
Podíl bohatství vytvořeného v Česku, které v zemi skutečně zůstává, je nejvyšší v historii samostatné republiky. Hrubý národní důchod dosáhl podle předběžných dat za rok 2025 už 97,5 % hrubého domácího produktu, zatímco v roce 2010 to bylo jen 92 %. Od roku 2010 si tak Česko polepšilo o pět procentních bodů, což je zdaleka nejvýraznější zlepšení ze všech zemí Evropské unie. Vyplývá to z analýzy poradenské skupiny Moore Czech Republic založené na datech Eurostatu a ČNB. Hlavním motorem obratu je nástup českého kapitálu. Příjmy tuzemských firem a investorů z dividend, reinvestovaných zisků a úroků ze zahraničí vzrostly mezi lety 2010 a 2024 z 3 na 16 miliard eur ročně, tedy více než pětinásobně.
Doma zůstává rekordní podíl vytvořeného bohatství
Hrubý domácí produkt (HDP) měří, kolik bohatství se na území Česka vytvoří. Hrubý národní důchod (HND) ukazuje, kolik z něj v zemi skutečně zůstane domácnostem, firmám a státu poté, co se započítají zisky, dividendy, úroky a mzdy plynoucí přes hranice oběma směry. Rozdíl mezi oběma ukazateli byl v Česku dlouhodobě jedním z největších v Evropě. Ještě mezi lety 2010 a 2016 dosahoval HND jen zhruba 92 procent HDP, protože zisky zahraničních vlastníků tuzemských podniků odtékaly do jejich domovských zemí. Od roku 2017 se však mezera setrvale zavírá. V roce 2024 dosáhl HND 97,3 procenta HDP a předběžná data za rok 2025 ukazují další zlepšení na 97,5 procenta.
[1]
„Data potvrzují zásadní proměnu ekonomiky. Éra, kdy Česká republika fungovala jako významný zdroj zisků pro zahraniční vlastníky tuzemských firem, postupně končí. Z každé koruny, kterou tu vytvoříme, dnes doma zůstává podstatně větší díl než před deseti lety a současně se zvyšují i příjmy ze zahraničí. Žádná jiná země Evropské unie se v tomto ohledu nezlepšila tak výrazně jako Česká republika,“
říká Petr Kymlička, partner poradenské skupiny Moore Czech Republic.
Podíl hrubého národního důchodu na HDP Česka a průměru EU-27 v letech 2010 až 2025, v procentech. Data Eurostat, výpočet Moore Czech Republic. Údaj za rok 2025 je předběžný.
Premiant Evropské unie
Srovnání všech členských zemí, pro které jsou data dostupná, ukazuje, že zlepšení o 5 procentních bodů mezi lety 2010 a 2024 je v Evropské unii bezkonkurenční.
[2]
Druhé Estonsko si polepšilo o 3,4 bodu, třetí Chorvatsko o 3,0 bodu a čtvrté Maďarsko o 2,6 bodu. Země, se kterými se Česko nejčastěji srovnává, přitom zamířily opačným směrem. Slovensko si od roku 2010 pohoršilo o 1,1 bodu, Polsko o 0,4 bodu a Rumunsko o 2,2 bodu. Jejich ekonomiky tedy odevzdávají do zahraničí rostoucí díl vytvořeného bohatství. Německo se drží nad hranicí 100 procent, protože jako čistý věřitel v zahraničí více vydělává, než kolik z něj odtéká.
„Na opačném pólu žebříčku stojí Irsko, Kypr, Malta a Lucembursko, tedy ekonomiky, jejichž HDP zkreslují účetní struktury nadnárodních korporací. Například irský národní důchod dosahuje jen 75 procent tamního HDP,“
uvádí Petr Kymlička, partner poradenské skupiny Moore Czech Republic.
Změna podílu HND na HDP mezi lety 2010 a 2024 v procentních bodech. Bulharsko není zahrnuto, protože jeho data končí rokem 2022. Data Eurostat, výpočet Moore Czech Republic.
Český kapitál vydělává v zahraničí stále více
Rozklad dat z národních účtů ukazuje, že zhruba dvě třetiny zlepšení zajistil růst příjmů českých subjektů ze zahraničí a zbylou třetinu skutečnost, že odliv zisků zahraničních vlastníků roste pomaleji než naše ekonomika.
[3]
Dividendy, které české firmy inkasují od svých podnikových dcer mimo ČR, vzrostly mezi lety 2010 a 2024 z 0,4 na 3 miliardy eur ročně. Reinvestované zisky českých společností v zahraničí se zvýšily z 0,5 na 5 miliard eur. Úrokové příjmy ze zahraničí, na kterých se vedle firem a bank významně podílejí i výnosy ČNB z devizových rezerv, stouply ze 2 na 7,4 miliardy eur. Odliv dividend cizích vlastníků českých podniků naproti tomu klesl z 5,8 na 4,5 % HDP. Trend potvrzuje i centrální banka. Podle její zprávy o vývoji platební bilance se stav českých přímých investic v zahraničí jen v roce 2024 zvýšil o 260 miliard korun a překročil už dvě pětiny hodnoty zahraničních investic v Česku.
[4]
„Největším motorem obratu je nástup tuzemského kapitálu. Příjmy českých firem a investorů ze zahraničí se od roku 2010 zvýšily více než pětinásobně a české skupiny dnes na svých zahraničních akvizicích vydělávají miliardy eur ročně, které dále reinvestují. Zároveň platí, že odliv dividend cizích vlastníků už nestačí tempu růstu české ekonomiky. Nůžky se tedy zavírají z obou stran,“
vysvětluje Petr Kymlička.
Do roku 2030 se procentuální poměr HND a HDP vyrovná
Z odvětvového pohledu stojí za příjmy z českých investic v zahraničí především finanční sektor. Podle České národní banky připadají na finanční a pojišťovací činnosti zhruba tři čtvrtiny výnosů z českých přímých investic v zahraničí, další významnou část tvoří velkoobchod a maloobchod.
[5]
Do finančních činností se přitom statisticky řadí i holdingové společnosti, přes které velké české průmyslové, energetické a investiční skupiny své zahraniční akvizice vlastní. Tomu odpovídá i teritoriální struktura, protože největší část tuzemského kapitálu v zahraničí dlouhodobě míří do Nizozemska a Lucemburska, kde tyto holdingy sídlí.
[6]
„Odvětvová statistika podtrhuje, že expanzi táhnou velké investiční a finanční skupiny, které v zahraničí nakupují podniky od energetiky přes infrastrukturu až po média a obchod. Česko se z cílové země investic postupně mění v zemi investorů. Pokud současné tempo vydrží, může se rozdíl mezi tím, co se v Česku vytvoří, a tím, co v zemi zůstane, do konce dekády téměř uzavřít,“
uzavírá Petr Kymlička.
[1]
Výpočet Moore Czech Republic z dat Eurostatu. HDP pochází z datasetu nama_10_gdp a hrubý národní důchod ze sektorových účtů, datasetu nasa_10_nf_tr, data stažena 4. srpna 2026, https://ec.europa.eu/eurostat/databrowser/view/nama_10_gdp/ a https://ec.europa.eu/eurostat/databrowser/view/nasa_10_nf_tr/. Údaje za rok 2025 jsou předběžné.
[2]
Srovnání zahrnuje 26 zemí EU. Rok 2024 je poslední, za který Eurostat publikuje HND všech zemí s výjimkou Bulharska, jehož řada končí rokem 2022, proto v žebříčku není zahrnuto. Zdrojem jsou datasety Eurostatu uvedené výše.
[3]
Výpočet Moore Czech Republic z účtu nerezidentů v ročních sektorových účtech Eurostatu, dataset nasa_10_nf_tr, sektor S2, položky D1 až D45, data stažena 4. srpna 2026.
[4]
Česká národní banka, Zpráva o vývoji platební bilance 2024, červen 2025, kapitoly 3.1 a 4.1, https://www.cnb.cz/export/sites/cnb/cs/menova-politika/.galleries/zpravy-o-vyvoji-platebni-bilance/zprava_o_vyvoji_platebni_bilance_2024.pdf.
[5]
Česká národní banka, Zpráva o vývoji platební bilance 2024, kapitola 3.1, odkaz viz poznámka výše.
[6]
Česká národní banka, publikace Přímé zahraniční investice, https://www.cnb.cz/cs/statistika/platebni_bilance_stat/publikace_pb/pzi/.",2026-08-05T09:30:08.372862
